nxHelBake1.g8545.t2	 0.0632
nxHelBake1.g13309.t1	 0.0461
nxHelBake1.g12947.t2	 0.1934
nxHelBake1.g18669.t4	 0.0938
nxHelBake1.g1443.t1	 0.1305
nxHelBake1.g3355.t1	 0.1271
nxHelBake1.g17712.t2	 0.0602
nxHelBake1.g9815.t2	 0.0564
nxHelBake1.g18.t1	 0.0217
nxHelBake1.g1272.t1	 0.0230
nxHelBake1.g13517.t2	 0.0346
nxHelBake1.g11178.t1	 0.0149
nxHelBake1.g5746.t1	 0.0835
nxHelBake1.g17891.t1	 0.0290
nxHelBake1.g8748.t1	 0.0927
nxHelBake1.g2721.t2	 0.0856
nxHelBake1.g7214.t1	 0.0432
nxHelBake1.g9888.t1	 0.0563
nxHelBake1.g18899.t1	 0.0232
nxHelBake1.g97.t1	 0.1033
nxHelBake1.g3453.t2	 0.0863
nxHelBake1.g11463.t1	 0.0278
nxHelBake1.g17588.t1	 0.0266
nxHelBake1.g12353.t1	 0.0881
nxHelBake1.g1667.t1	 0.0301
nxHelBake1.g16519.t1	 0.0717
nxHelBake1.g4893.t1	 0.0191
nxHelBake1.g11092.t1	 0.0058
nxHelBake1.g17679.t2	 0.0732
nxHelBake1.g13107.t1	 0.1019
nxHelBake1.g17620.t1	 0.0527
nxHelBake1.g13861.t1	 0.0261
nxHelBake1.g886.t1	 0.0378
nxHelBake1.g769.t1	 0.0540
nxHelBake1.g11884.t1	 0.0883
nxHelBake1.g13768.t1	 0.0693
nxHelBake1.g17552.t1	 0.0366
nxHelBake1.g18111.t1	 0.0606
nxHelBake1.g12747.t1	 0.1174
nxHelBake1.g18584.t2	 0.0909
nxHelBake1.g16196.t3	 0.0569
nxHelBake1.g12476.t1	 0.0514
nxHelBake1.g18200.t1	 0.0539
nxHelBake1.g9766.t1	 0.0892
nxHelBake1.g6037.t1	 0.1323
nxHelBake1.g4323.t2	 0.0500
nxHelBake1.g7469.t1	 0.0534
nxHelBake1.g12853.t1	 0.0886
nxHelBake1.g16037.t1	 0.0730
nxHelBake1.g16675.t1	 0.0830
nxHelBake1.g5092.t3	 0.0200
nxHelBake1.g16649.t1	 0.0517
nxHelBake1.g4655.t2	 0.0324
nxHelBake1.g15130.t1	 0.0747
nxHelBake1.g11948.t1	 0.0384
nxHelBake1.g6355.t1	 0.1203
nxHelBake1.g16764.t1	 0.0388
nxHelBake1.g406.t2	 0.0534
nxHelBake1.g11996.t2	 0.0271
nxHelBake1.g12528.t1	 0.0555
nxHelBake1.g3421.t1	 0.0663
nxHelBake1.g3786.t1	 0.0496
nxHelBake1.g12367.t1	 0.0579
nxHelBake1.g18590.t1	 0.0628
nxHelBake1.g12305.t2	 0.0279
nxHelBake1.g18523.t2	 0.0663
nxHelBake1.g12972.t1	 0.0938
nxHelBake1.g13074.t1	 0.1172
nxHelBake1.g3096.t1	 0.0951
nxHelBake1.g8281.t2	 0.0521
nxHelBake1.g8657.t2	 0.0290
nxHelBake1.g11885.t1	 0.0116
nxHelBake1.g8684.t1	 0.0989
nxHelBake1.g2732.t1	 0.0497
nxHelBake1.g12766.t1	 0.0650
nxHelBake1.g7914.t1	 0.0281
nxHelBake1.g17689.t1	 0.0306
nxHelBake1.g12232.t2	 0.0544
nxHelBake1.g18292.t1	 0.0696
nxHelBake1.g10077.t1	 0.1064
nxHelBake1.g3386.t1	 0.1412
nxHelBake1.g10303.t1	 0.1209
nxHelBake1.g12275.t1	 0.0528
nxHelBake1.g953.t1	 0.0587
nxHelBake1.g15300.t1	 0.0187
nxHelBake1.g8801.t1	 0.1140
nxHelBake1.g11891.t1	 0.0623
nxHelBake1.g13036.t3	 0.1195
nxHelBake1.g13403.t1	 0.0440
nxHelBake1.g4833.t2	 0.0206
nxHelBake1.g3927.t2	 0.0829
nxHelBake1.g1308.t1	 0.0159
nxHelBake1.g6134.t1	 0.0654
nxHelBake1.g1503.t1	 0.0121
nxHelBake1.g11700.t2	 0.0320
nxHelBake1.g4172.t2	 0.0474
nxHelBake1.g1686.t1	 0.0086
nxHelBake1.g15494.t1	 0.0685
nxHelBake1.g17381.t4	 0.7764
nxHelBake1.g12139.t1	 0.0454
nxHelBake1.g16209.t2	 0.1364
nxHelBake1.g5284.t1	 0.0442
nxHelBake1.g14082.t1	 0.0332
nxHelBake1.g727.t1	 0.0394
nxHelBake1.g17617.t2	 0.0337
nxHelBake1.g16605.t1	 0.0175
nxHelBake1.g16565.t1	 0.0429
nxHelBake1.g2946.t1	 0.1235
nxHelBake1.g2504.t5	 0.1139
nxHelBake1.g4959.t1	 0.0124
nxHelBake1.g15427.t1	 0.0421
nxHelBake1.g11381.t1	 0.0387
nxHelBake1.g9786.t1	 0.0981
nxHelBake1.g10141.t2	 0.1505
nxHelBake1.g3615.t1	 0.1221
nxHelBake1.g18159.t1	 0.1027
nxHelBake1.g17407.t2	 0.0216
nxHelBake1.g6601.t2	 0.1084
nxHelBake1.g8360.t1	 0.0652
nxHelBake1.g7167.t1	 0.0734
nxHelBake1.g17066.t1	 0.0551
nxHelBake1.g15861.t1	 0.0771
nxHelBake1.g15825.t1	 0.1080
nxHelBake1.g1252.t1	 0.0429
nxHelBake1.g313.t2	 0.0626
nxHelBake1.g9967.t1	 0.1028
nxHelBake1.g5729.t2	 0.0861
nxHelBake1.g11972.t1	 0.0694
nxHelBake1.g2031.t1	 0.0211
nxHelBake1.g10454.t1	 0.0566
nxHelBake1.g17314.t1	 0.0267
nxHelBake1.g4566.t7	 0.0174
nxHelBake1.g9814.t1	 0.0724
nxHelBake1.g1178.t1	 0.0651
nxHelBake1.g5443.t1	 0.0572
nxHelBake1.g565.t1	 0.0867
nxHelBake1.g11997.t1	 0.0472
nxHelBake1.g14838.t1	 0.0333
nxHelBake1.g6296.t1	 0.1386
nxHelBake1.g3715.t1	 0.0503
nxHelBake1.g13727.t1	 0.0261
nxHelBake1.g1147.t4	 0.0616
nxHelBake1.g9565.t1	 0.0443
nxHelBake1.g10538.t4	 0.0818
nxHelBake1.g18853.t1	 0.0844
nxHelBake1.g11959.t2	 0.0637
nxHelBake1.g12948.t1	 0.1373
nxHelBake1.g8826.t1	 0.0842
nxHelBake1.g2244.t2	 0.0455
nxHelBake1.g12436.t1	 0.0734
nxHelBake1.g14741.t1	 0.0344
nxHelBake1.g11559.t3	 0.0260
nxHelBake1.g13564.t1	 0.0449
nxHelBake1.g17290.t1	 0.0272
nxHelBake1.g18449.t1	 0.0734
nxHelBake1.g11900.t1	 0.0076
nxHelBake1.g15179.t1	 0.0246
nxHelBake1.g17752.t4	 0.0677
nxHelBake1.g2719.t1	 0.1077
nxHelBake1.g10772.t2	 0.0530
nxHelBake1.g9436.t1	 0.0481
nxHelBake1.g15384.t1	 0.0902
nxHelBake1.g12808.t1	 0.0986
nxHelBake1.g7143.t2	 0.1027
nxHelBake1.g248.t1	 0.1486
nxHelBake1.g9613.t1	 0.1129
nxHelBake1.g16409.t1	 0.0708
nxHelBake1.g14607.t1	 0.0259
nxHelBake1.g4698.t2	 0.0532
nxHelBake1.g10434.t1	 0.0330
nxHelBake1.g3103.t1	 0.2814
nxHelBake1.g15617.t1	 0.1819
nxHelBake1.g4269.t1	 0.0000
nxHelBake1.g19017.t1	 0.0846
nxHelBake1.g18193.t1	 0.0684
nxHelBake1.g9435.t1	 0.0941
nxHelBake1.g8621.t1	 0.0000
nxHelBake1.g15443.t1	 0.0562
nxHelBake1.g6336.t1	 0.0464
nxHelBake1.g5530.t1	 0.0484
nxHelBake1.g18563.t3	 0.1116
nxHelBake1.g5370.t1	 0.0584
nxHelBake1.g5845.t1	 0.0935
nxHelBake1.g155.t1	 0.1341
nxHelBake1.g8167.t1	 0.0231
nxHelBake1.g7732.t3	 0.0494
nxHelBake1.g7931.t1	 0.0202
nxHelBake1.g8564.t1	 0.0218
nxHelBake1.g13004.t1	 0.0775
nxHelBake1.g7192.t1	 0.0641
nxHelBake1.g12323.t1	 0.0668
nxHelBake1.g5399.t1	 0.0263
nxHelBake1.g16664.t1	 0.0461
nxHelBake1.g9988.t1	 0.1001
nxHelBake1.g13451.t3	 0.0625
nxHelBake1.g13609.t1	 0.0490
nxHelBake1.g9514.t1	 0.1345
nxHelBake1.g14070.t1	 0.0484
nxHelBake1.g12124.t1	 0.0584
nxHelBake1.g925.t1	 0.0603
nxHelBake1.g4101.t1	 0.0666
nxHelBake1.g16865.t1	 0.0148
nxHelBake1.g17425.t2	 0.0275
nxHelBake1.g13938.t1	 0.0425
nxHelBake1.g3961.t3	 0.0592
nxHelBake1.g17373.t3	 0.0419
nxHelBake1.g18611.t2	 0.0818
nxHelBake1.g6481.t1	 0.0506
nxHelBake1.g2625.t1	 0.0427
nxHelBake1.g2827.t1	 0.1297
nxHelBake1.g15382.t1	 0.0812
nxHelBake1.g15675.t2	 0.1003
nxHelBake1.g14752.t1	 0.0177
nxHelBake1.g17206.t1	 0.0186
nxHelBake1.g10022.t2	 0.0688
nxHelBake1.g18216.t1	 0.0557
nxHelBake1.g8046.t1	 0.0328
nxHelBake1.g8328.t1	 0.0571
nxHelBake1.g18018.t1	 0.0765
nxHelBake1.g5955.t2	 0.1136
nxHelBake1.g11436.t1	 0.0230
nxHelBake1.g10437.t1	 0.0448
nxHelBake1.g5936.t1	 0.0516
nxHelBake1.g1018.t1	 0.0739
nxHelBake1.g17013.t2	 0.0184
nxHelBake1.g16370.t3	 0.0826
nxHelBake1.g17985.t2	 0.0338
nxHelBake1.g6538.t1	 0.1336
nxHelBake1.g8900.t1	 0.0762
nxHelBake1.g9693.t2	 0.0867
nxHelBake1.g8085.t2	 0.0048
nxHelBake1.g8965.t1	 0.0813
nxHelBake1.g5676.t1	 0.0631
nxHelBake1.g17606.t1	 0.0172
nxHelBake1.g3234.t1	 0.1288
nxHelBake1.g7927.t1	 0.0262
nxHelBake1.g12211.t1	 0.0547
nxHelBake1.g9909.t1	 0.0882
nxHelBake1.g2006.t1	 0.0459
nxHelBake1.g15615.t1	 0.0932
nxHelBake1.g16502.t1	 0.0509
nxHelBake1.g15044.t1	 0.0519
nxHelBake1.g12060.t1	 0.0563
nxHelBake1.g7611.t1	 0.0509
nxHelBake1.g701.t1	 0.1139
nxHelBake1.g18858.t1	 0.1486
nxHelBake1.g15254.t1	 0.0752
nxHelBake1.g1336.t1	 0.0238
nxHelBake1.g5109.t1	 0.0218
nxHelBake1.g9026.t1	 0.2383
nxHelBake1.g12130.t1	 0.0473
nxHelBake1.g12634.t1	 0.1004
nxHelBake1.g13452.t1	 0.0294
nxHelBake1.g11802.t1	 0.0402
nxHelBake1.g17172.t1	 0.0092
nxHelBake1.g10179.t1	 0.0452
nxHelBake1.g16170.t1	 0.0436
nxHelBake1.g10661.t2	 0.0382
nxHelBake1.g8557.t1	 0.0366
nxHelBake1.g4017.t1	 0.0386
nxHelBake1.g4107.t1	 0.0749
nxHelBake1.g7935.t1	 0.0346
nxHelBake1.g11183.t1	 0.0257
nxHelBake1.g4138.t1	 0.0915
nxHelBake1.g16906.t1	 0.0505
nxHelBake1.g15884.t1	 0.1122
nxHelBake1.g5165.t4	 0.0147
nxHelBake1.g8208.t1	 0.0535
nxHelBake1.g13053.t1	 0.0971
nxHelBake1.g4938.t1	 0.0280
nxHelBake1.g13565.t1	 0.0602
nxHelBake1.g9313.t2	 0.0754
nxHelBake1.g18861.t1	 0.0456
nxHelBake1.g4902.t1	 0.0650
nxHelBake1.g18427.t1	 0.0586
nxHelBake1.g6721.t2	 0.0736
nxHelBake1.g8639.t1	 0.0303
nxHelBake1.g10970.t1	 0.0446
nxHelBake1.g12216.t4	 0.0645
nxHelBake1.g5122.t1	 0.0457
nxHelBake1.g10568.t2	 0.0391
nxHelBake1.g6787.t1	 0.0442
nxHelBake1.g592.t1	 0.0753
nxHelBake1.g11511.t1	 0.0206
nxHelBake1.g17229.t1	 0.0123
nxHelBake1.g647.t1	 0.0944
nxHelBake1.g6421.t1	 0.0610
nxHelBake1.g11623.t2	 0.0392
nxHelBake1.g18728.t2	 0.0135
nxHelBake1.g1899.t1	 0.0293
nxHelBake1.g2193.t1	 0.0554
nxHelBake1.g13805.t1	 0.0502
nxHelBake1.g5170.t2	 0.0348
nxHelBake1.g17708.t3	 0.0507
nxHelBake1.g4370.t2	 0.0680
nxHelBake1.g7747.t1	 0.0211
nxHelBake1.g12688.t1	 0.0721
nxHelBake1.g9333.t1	 0.0973
nxHelBake1.g1431.t1	 0.0833
nxHelBake1.g5810.t1	 0.0346
nxHelBake1.g3205.t1	 0.0250
nxHelBake1.g2176.t1	 0.0545
nxHelBake1.g18027.t1	 0.0616
nxHelBake1.g7396.t1	 0.0850
nxHelBake1.g3042.t1	 0.0739
nxHelBake1.g1758.t1	 0.0320
nxHelBake1.g12964.t1	 0.0827
nxHelBake1.g15929.t3	 0.0480
nxHelBake1.g17970.t1	 0.0590
nxHelBake1.g10104.t1	 0.1610
nxHelBake1.g12946.t1	 0.1006
nxHelBake1.g9181.t1	 0.0421
nxHelBake1.g1979.t1	 0.0417
nxHelBake1.g9573.t1	 0.1065
nxHelBake1.g12960.t1	 0.1316
nxHelBake1.g10290.t1	 0.0740
nxHelBake1.g1830.t1	 0.0208
nxHelBake1.g8419.t2	 0.0194
nxHelBake1.g10518.t1	 0.0572
nxHelBake1.g12995.t1	 0.1216
nxHelBake1.g2702.t1	 0.0850
nxHelBake1.g12578.t1	 0.0453
nxHelBake1.g18691.t1	 0.0248
nxHelBake1.g553.t1	 0.0430
nxHelBake1.g15958.t1	 0.0968
nxHelBake1.g14030.t2	 0.0195
nxHelBake1.g12909.t3	 0.0886
nxHelBake1.g9996.t1	 0.0766
nxHelBake1.g6440.t1	 0.0564
nxHelBake1.g10301.t1	 0.0932
nxHelBake1.g5777.t1	 0.1029
nxHelBake1.g3121.t1	 0.1218
nxHelBake1.g16423.t1	 0.0643
nxHelBake1.g17304.t1	 0.0088
nxHelBake1.g12197.t1	 0.0420
nxHelBake1.g13943.t2	 0.0405
nxHelBake1.g15729.t1	 0.1218
nxHelBake1.g2626.t1	 0.0520
nxHelBake1.g6045.t1	 0.1944
nxHelBake1.g8768.t1	 0.0621
nxHelBake1.g14818.t1	 0.0267
nxHelBake1.g11087.t1	 0.0491
nxHelBake1.g10106.t1	 0.1196
nxHelBake1.g1494.t1	 0.0077
nxHelBake1.g5963.t1	 0.0906
nxHelBake1.g17742.t3	 0.0332
nxHelBake1.g9825.t1	 0.0614
nxHelBake1.g8629.t1	 0.0540
nxHelBake1.g12148.t1	 0.0453
nxHelBake1.g2905.t4	 0.0856
nxHelBake1.g8269.t1	 0.0090
nxHelBake1.g7693.t1	 0.0532
nxHelBake1.g18102.t1	 0.0837
nxHelBake1.g4427.t6	 0.0725
nxHelBake1.g13362.t1	 0.0488
nxHelBake1.g7552.t1	 0.0705
nxHelBake1.g15963.t1	 0.0613
nxHelBake1.g4099.t1	 0.0723
nxHelBake1.g11223.t1	 0.0330
nxHelBake1.g18846.t1	 0.0964
nxHelBake1.g15470.t2	 0.0468
nxHelBake1.g15435.t1	 0.0606
nxHelBake1.g13847.t1	 0.0290
nxHelBake1.g11729.t1	 0.0214
nxHelBake1.g13105.t1	 0.0241
nxHelBake1.g1421.t1	 0.0610
nxHelBake1.g17751.t1	 0.0991
nxHelBake1.g12622.t1	 0.0390
nxHelBake1.g1855.t2	 0.0200
nxHelBake1.g1039.t1	 0.0882
nxHelBake1.g1396.t5	 0.0227
nxHelBake1.g16220.t1	 0.0604
nxHelBake1.g8838.t1	 0.0501
nxHelBake1.g2829.t1	 0.1074
nxHelBake1.g18259.t1	 0.0559
nxHelBake1.g15737.t1	 0.0513
nxHelBake1.g16060.t1	 0.0843
nxHelBake1.g16935.t1	 0.0433
nxHelBake1.g18034.t1	 0.0276
nxHelBake1.g17105.t1	 0.0444
nxHelBake1.g2709.t1	 0.0702
nxHelBake1.g12514.t1	 0.0735
nxHelBake1.g716.t1	 0.0626
nxHelBake1.g11020.t1	 0.0878
nxHelBake1.g6150.t1	 0.1297
nxHelBake1.g8638.t1	 0.0899
nxHelBake1.g9386.t1	 0.1224
nxHelBake1.g3394.t1	 0.0892
nxHelBake1.g12636.t1	 0.0653
nxHelBake1.g854.t1	 0.5324
nxHelBake1.g17906.t2	 0.0105
nxHelBake1.g5755.t1	 0.0593
nxHelBake1.g16069.t2	 0.0947
nxHelBake1.g3393.t1	 0.0782
nxHelBake1.g7212.t1	 0.1319
nxHelBake1.g3308.t4	 0.0870
nxHelBake1.g6981.t2	 0.0621
nxHelBake1.g11775.t1	 0.0272
nxHelBake1.g11435.t2	 0.0071
nxHelBake1.g15434.t1	 0.0587
nxHelBake1.g96.t1	 0.0400
nxHelBake1.g3635.t1	 0.1474
nxHelBake1.g2169.t1	 0.0530
nxHelBake1.g16158.t1	 0.0731
nxHelBake1.g12635.t1	 0.1209
nxHelBake1.g12104.t1	 0.0565
nxHelBake1.g13714.t1	 0.0369
nxHelBake1.g15471.t1	 0.0557
nxHelBake1.g5124.t1	 0.0086
nxHelBake1.g8779.t2	 0.0697
nxHelBake1.g8846.t1	 0.0337
nxHelBake1.g17711.t1	 0.0611
nxHelBake1.g10204.t2	 0.1148
nxHelBake1.g8149.t1	 0.0176
nxHelBake1.g554.t1	 0.0684
nxHelBake1.g15718.t1	 0.1226
nxHelBake1.g9358.t2	 0.0821
nxHelBake1.g16299.t1	 0.0544
nxHelBake1.g13212.t1	 0.1674
nxHelBake1.g16296.t1	 0.1009
nxHelBake1.g3886.t1	 0.1170
nxHelBake1.g12442.t1	 0.0752
nxHelBake1.g2120.t1	 0.0829
nxHelBake1.g2860.t1	 0.1019
nxHelBake1.g15263.t1	 0.0586
nxHelBake1.g14642.t1	 0.0670
nxHelBake1.g11434.t1	 0.0488
nxHelBake1.g17960.t1	 0.0454
nxHelBake1.g3942.t2	 0.0679
nxHelBake1.g18730.t1	 0.0962
nxHelBake1.g12430.t1	 0.0406
nxHelBake1.g18620.t2	 0.0364
nxHelBake1.g12204.t2	 0.0697
nxHelBake1.g16439.t2	 0.0618
nxHelBake1.g4678.t1	 0.0420
nxHelBake1.g3092.t1	 0.0896
nxHelBake1.g3827.t2	 0.0815
nxHelBake1.g8595.t1	 0.0204
nxHelBake1.g8983.t1	 0.0655
nxHelBake1.g15045.t1	 0.0520
nxHelBake1.g9873.t1	 0.0416
nxHelBake1.g16614.t1	 0.0256
nxHelBake1.g18372.t1	 0.0266
nxHelBake1.g11293.t1	 0.0086
nxHelBake1.g11448.t1	 0.0186
nxHelBake1.g1836.t1	 0.0803
nxHelBake1.g1732.t1	 0.0107
nxHelBake1.g17736.t1	 0.0350
nxHelBake1.g1728.t2	 0.0252
nxHelBake1.g10075.t1	 0.0950
nxHelBake1.g13348.t1	 0.0318
nxHelBake1.g12231.t2	 0.0459
nxHelBake1.g9092.t1	 0.0817
nxHelBake1.g10308.t1	 0.1204
nxHelBake1.g15195.t1	 0.0421
nxHelBake1.g3720.t1	 0.0413
nxHelBake1.g12828.t2	 0.1268
nxHelBake1.g16533.t2	 0.0649
nxHelBake1.g12494.t2	 0.0719
nxHelBake1.g15923.t3	 0.0541
nxHelBake1.g17075.t1	 0.0237
nxHelBake1.g3224.t1	 0.0781
nxHelBake1.g16757.t2	 0.0321
nxHelBake1.g5811.t1	 0.0818
nxHelBake1.g13320.t1	 0.1743
nxHelBake1.g13539.t1	 0.0776
nxHelBake1.g11773.t6	 0.0305
nxHelBake1.g18737.t1	 0.0964
nxHelBake1.g8456.t2	 0.0353
nxHelBake1.g11651.t1	 0.0058
nxHelBake1.g6263.t1	 7.8127
nxHelBake1.g2663.t1	 0.0583
nxHelBake1.g10161.t1	 0.0307
nxHelBake1.g15095.t2	 0.0397
nxHelBake1.g5677.t1	 0.0716
nxHelBake1.g11229.t1	 0.0293
nxHelBake1.g15438.t1	 0.0783
nxHelBake1.g5622.t2	 0.0795
nxHelBake1.g11541.t2	 0.0070
nxHelBake1.g5585.t1	 0.0701
nxHelBake1.g4565.t1	 0.0129
nxHelBake1.g5363.t3	 0.0733
nxHelBake1.g16567.t1	 0.0415
nxHelBake1.g13422.t1	 0.0772
nxHelBake1.g159.t1	 0.0763
nxHelBake1.g13763.t1	 0.0380
nxHelBake1.g7438.t1	 0.0890
nxHelBake1.g3449.t1	 0.0522
nxHelBake1.g17388.t2	 0.0599
nxHelBake1.g8912.t1	 0.0678
nxHelBake1.g12722.t2	 0.0560
nxHelBake1.g10408.t1	 0.0758
nxHelBake1.g5101.t1	 0.0207
nxHelBake1.g11908.t1	 0.0271
nxHelBake1.g10796.t1	 0.0475
nxHelBake1.g11312.t1	 0.0358
nxHelBake1.g14718.t1	 0.0561
nxHelBake1.g11692.t1	 0.0345
nxHelBake1.g625.t1	 0.0522
nxHelBake1.g11166.t1	 0.0420
nxHelBake1.g7543.t2	 0.0591
nxHelBake1.g4098.t1	 0.0826
nxHelBake1.g4013.t1	 0.0856
nxHelBake1.g13299.t1	 0.1422
nxHelBake1.g4348.t4	 0.0861
nxHelBake1.g8242.t1	 0.0108
nxHelBake1.g2278.t1	 0.0610
nxHelBake1.g8153.t1	 0.0120
nxHelBake1.g12711.t3	 0.0920
nxHelBake1.g13096.t1	 0.1639
nxHelBake1.g5129.t4	 0.0252
nxHelBake1.g2644.t3	 0.0444
nxHelBake1.g14617.t3	 0.0530
nxHelBake1.g4664.t1	 0.0461
nxHelBake1.g13758.t1	 0.0658
nxHelBake1.g6098.t1	 0.1020
nxHelBake1.g4019.t2	 0.0560
nxHelBake1.g10973.t1	 0.0566
nxHelBake1.g10665.t1	 0.0800
nxHelBake1.g18499.t1	 0.1222
nxHelBake1.g9870.t1	 0.0203
nxHelBake1.g11531.t1	 0.0077
nxHelBake1.g622.t1	 0.0916
nxHelBake1.g13563.t1	 0.0668
nxHelBake1.g10471.t1	 0.0411
nxHelBake1.g15230.t2	 0.0950
nxHelBake1.g7587.t1	 0.0478
nxHelBake1.g12426.t2	 0.0738
nxHelBake1.g4437.t1	 0.0613
nxHelBake1.g15965.t3	 0.0550
nxHelBake1.g18540.t5	 0.0708
nxHelBake1.g16399.t1	 0.0407
nxHelBake1.g10581.t1	 0.1015
nxHelBake1.g12222.t1	 0.0961
nxHelBake1.g16850.t4	 0.0321
nxHelBake1.g4620.t1	 0.0519
nxHelBake1.g13425.t1	 0.0714
nxHelBake1.g4982.t1	 0.0293
nxHelBake1.g8563.t1	 0.0483
nxHelBake1.g11951.t1	 0.0559
nxHelBake1.g13909.t1	 0.0269
nxHelBake1.g1356.t1	 0.0506
nxHelBake1.g8377.t1	 0.0186
nxHelBake1.g5264.t1	 0.0459
nxHelBake1.g16135.t1	 0.0792
nxHelBake1.g4125.t1	 0.0641
nxHelBake1.g4868.t1	 0.0414
nxHelBake1.g8058.t1	 0.0240
nxHelBake1.g13311.t1	 0.1302
nxHelBake1.g15639.t2	 0.1078
nxHelBake1.g512.t1	 0.1838
nxHelBake1.g8105.t1	 0.0295
nxHelBake1.g12469.t1	 0.0723
nxHelBake1.g11526.t2	 0.0149
nxHelBake1.g673.t1	 0.0504
nxHelBake1.g15717.t1	 0.0977
nxHelBake1.g6299.t1	 0.0154
nxHelBake1.g12094.t1	 0.0330
nxHelBake1.g11647.t1	 0.0152
nxHelBake1.g4823.t2	 0.0124
nxHelBake1.g1422.t1	 0.0395
nxHelBake1.g3984.t1	 0.0439
nxHelBake1.g4746.t1	 0.0463
nxHelBake1.g15852.t2	 0.1674
nxHelBake1.g3436.t2	 0.2387
nxHelBake1.g8752.t1	 0.0266
nxHelBake1.g7443.t1	 0.0563
nxHelBake1.g12553.t2	 0.1653
nxHelBake1.g15606.t2	 0.0888
nxHelBake1.g11896.t1	 0.0406
nxHelBake1.g18404.t2	 0.0983
nxHelBake1.g1137.t1	 0.0223
nxHelBake1.g5277.t2	 0.0714
nxHelBake1.g664.t1	 0.0235
nxHelBake1.g10291.t1	 0.0378
nxHelBake1.g17391.t1	 0.0210
nxHelBake1.g17345.t2	 0.0174
nxHelBake1.g9933.t3	 0.1139
nxHelBake1.g16261.t1	 0.0704
nxHelBake1.g8583.t1	 0.0360
nxHelBake1.g12847.t1	 0.1185
nxHelBake1.g17376.t1	 0.0268
nxHelBake1.g1857.t3	 0.0265
nxHelBake1.g10573.t1	 0.1044
nxHelBake1.g9064.t1	 0.0722
nxHelBake1.g377.t1	 0.0762
nxHelBake1.g3187.t2	 0.0994
nxHelBake1.g6465.t2	 0.0763
nxHelBake1.g15178.t1	 0.0417
nxHelBake1.g18844.t1	 0.1602
nxHelBake1.g7612.t3	 0.0133
nxHelBake1.g4210.t1	 0.0534
nxHelBake1.g10246.t1	 0.1219
nxHelBake1.g15742.t1	 0.0644
nxHelBake1.g1141.t1	 0.0926
nxHelBake1.g2992.t1	 0.1013
nxHelBake1.g5078.t1	 0.0417
nxHelBake1.g13199.t1	 0.1003
nxHelBake1.g16388.t1	 0.0930
nxHelBake1.g17766.t1	 0.1001
nxHelBake1.g10381.t5	 0.0608
nxHelBake1.g16410.t1	 0.0599
nxHelBake1.g668.t2	 0.0628
nxHelBake1.g1685.t1	 0.0224
nxHelBake1.g10426.t1	 0.0978
nxHelBake1.g15109.t1	 0.0291
nxHelBake1.g11893.t1	 0.0506
nxHelBake1.g26.t1	 0.0932
nxHelBake1.g7639.t1	 0.0330
nxHelBake1.g8211.t1	 0.0446
nxHelBake1.g10418.t1	 0.0986
nxHelBake1.g11835.t1	 0.0414
nxHelBake1.g10297.t1	 0.3466
nxHelBake1.g18058.t1	 0.0341
nxHelBake1.g15333.t1	 0.0621
nxHelBake1.g1523.t1	 0.0718
nxHelBake1.g12252.t1	 0.0457
nxHelBake1.g6071.t1	 0.1063
nxHelBake1.g18265.t1	 0.0910
nxHelBake1.g4848.t1	 0.0169
nxHelBake1.g14687.t1	 0.0384
nxHelBake1.g7039.t2	 0.1141
nxHelBake1.g7686.t1	 0.0288
nxHelBake1.g6051.t2	 0.1480
nxHelBake1.g18446.t1	 0.1025
nxHelBake1.g16491.t1	 0.0755
nxHelBake1.g1964.t1	 0.0248
nxHelBake1.g10113.t1	 0.0718
nxHelBake1.g11455.t2	 0.0148
nxHelBake1.g11241.t1	 0.0319
nxHelBake1.g199.t1	 0.0935
nxHelBake1.g16368.t1	 0.1008
nxHelBake1.g18365.t3	 0.0578
nxHelBake1.g10574.t1	 0.0324
nxHelBake1.g3309.t1	 0.0722
nxHelBake1.g10927.t1	 0.0424
nxHelBake1.g623.t1	 0.1240
nxHelBake1.g15610.t1	 0.0969
nxHelBake1.g9168.t1	 0.0883
nxHelBake1.g7488.t5	 0.0434
nxHelBake1.g2240.t1	 0.0919
nxHelBake1.g17662.t1	 0.0225
nxHelBake1.g1891.t1	 0.0721
nxHelBake1.g17236.t1	 0.0391
nxHelBake1.g10629.t3	 0.1009
nxHelBake1.g753.t1	 0.0696
nxHelBake1.g16257.t2	 0.0561
nxHelBake1.g15054.t1	 0.0264
nxHelBake1.g9991.t1	 0.1357
nxHelBake1.g2109.t1	 0.0449
nxHelBake1.g15265.t1	 0.0632
nxHelBake1.g18536.t1	 0.0200
nxHelBake1.g5224.t1	 0.0312
nxHelBake1.g15537.t1	 0.0325
nxHelBake1.g11491.t2	 0.0944
nxHelBake1.g13304.t2	 0.0585
nxHelBake1.g15636.t2	 0.1155
nxHelBake1.g115.t1	 0.0792
nxHelBake1.g9917.t1	 0.0725
nxHelBake1.g6491.t2	 0.0549
nxHelBake1.g1353.t2	 0.0349
nxHelBake1.g17584.t1	 0.0125
nxHelBake1.g15052.t1	 0.0358
nxHelBake1.g15517.t1	 0.0328
nxHelBake1.g17259.t1	 0.0154
nxHelBake1.g12477.t1	 0.0314
nxHelBake1.g9754.t2	 0.1285
nxHelBake1.g16574.t1	 0.0511
nxHelBake1.g14740.t2	 0.0825
nxHelBake1.g12501.t1	 0.0257
nxHelBake1.g4481.t3	 0.0533
nxHelBake1.g17474.t2	 0.0364
nxHelBake1.g15055.t1	 0.0293
nxHelBake1.g9683.t1	 0.1117
nxHelBake1.g18866.t1	 0.0831
nxHelBake1.g16744.t1	 0.0639
nxHelBake1.g9136.t1	 0.1040
nxHelBake1.g2898.t1	 0.0702
nxHelBake1.g4812.t1	 0.0423
nxHelBake1.g1006.t1	 0.0369
nxHelBake1.g5285.t1	 0.0294
nxHelBake1.g1403.t1	 0.0578
nxHelBake1.g4498.t1	 0.0267
nxHelBake1.g12086.t1	 0.0666
nxHelBake1.g728.t1	 0.1267
nxHelBake1.g2688.t4	 0.0637
nxHelBake1.g12152.t1	 0.0409
nxHelBake1.g4688.t2	 0.0251
nxHelBake1.g8355.t2	 0.0337
nxHelBake1.g11632.t1	 0.0340
nxHelBake1.g16730.t1	 0.0565
nxHelBake1.g8790.t1	 0.0604
nxHelBake1.g5388.t1	 0.0562
nxHelBake1.g12187.t1	 0.0449
nxHelBake1.g15308.t1	 0.0414
nxHelBake1.g16527.t1	 0.0577
nxHelBake1.g4445.t1	 0.0437
nxHelBake1.g1929.t1	 0.0139
nxHelBake1.g11578.t1	 0.0178
nxHelBake1.g14542.t1	 0.0395
nxHelBake1.g15854.t1	 0.1215
nxHelBake1.g13591.t1	 0.0982
nxHelBake1.g1832.t1	 0.0199
nxHelBake1.g11118.t2	 0.0319
nxHelBake1.g16947.t1	 0.0371
nxHelBake1.g11250.t1	 0.0812
nxHelBake1.g12253.t2	 0.0695
nxHelBake1.g11930.t3	 0.0780
nxHelBake1.g18413.t1	 0.0757
nxHelBake1.g16750.t1	 0.0303
nxHelBake1.g12823.t1	 0.1265
nxHelBake1.g9592.t2	 0.0881
nxHelBake1.g8832.t1	 0.0813
nxHelBake1.g7928.t1	 0.0523
nxHelBake1.g7453.t2	 0.0639
nxHelBake1.g8554.t1	 0.0630
nxHelBake1.g10366.t1	 0.0876
nxHelBake1.g17964.t1	 0.0397
nxHelBake1.g2203.t1	 0.0919
nxHelBake1.g18832.t1	 0.1404
nxHelBake1.g1575.t1	 0.0301
nxHelBake1.g13097.t1	 0.1179
nxHelBake1.g8822.t1	 0.0522
nxHelBake1.g8056.t1	 0.0183
nxHelBake1.g10078.t1	 0.2237
nxHelBake1.g18729.t1	 0.0478
nxHelBake1.g8301.t1	 0.0325
nxHelBake1.g5191.t2	 0.0380
nxHelBake1.g5189.t1	 0.0709
nxHelBake1.g12121.t2	 0.0976
nxHelBake1.g11153.t1	 0.0462
nxHelBake1.g9852.t2	 0.1272
nxHelBake1.g8486.t1	 0.0272
nxHelBake1.g4324.t1	 0.0741
nxHelBake1.g224.t1	 0.0794
nxHelBake1.g17399.t1	 0.0294
nxHelBake1.g11.t1	 0.0432
nxHelBake1.g6039.t1	 0.1054
nxHelBake1.g18627.t1	 0.1214
nxHelBake1.g5338.t2	 0.0513
nxHelBake1.g13596.t1	 0.0463
nxHelBake1.g4206.t1	 0.0264
nxHelBake1.g12046.t2	 0.0394
nxHelBake1.g808.t1	 0.0389
nxHelBake1.g9564.t1	 0.0889
nxHelBake1.g7621.t1	 0.0259
nxHelBake1.g18009.t1	 0.0529
nxHelBake1.g2960.t1	 0.1290
nxHelBake1.g15388.t1	 0.1465
nxHelBake1.g9656.t1	 0.0709
nxHelBake1.g18487.t1	 0.1555
nxHelBake1.g5826.t1	 0.0224
nxHelBake1.g4411.t1	 0.0580
nxHelBake1.g16871.t1	 0.0287
nxHelBake1.g18758.t1	 0.0931
nxHelBake1.g17042.t3	 0.0187
nxHelBake1.g10121.t1	 0.1217
nxHelBake1.g1880.t2	 0.0493
nxHelBake1.g2025.t1	 0.0411
nxHelBake1.g9460.t1	 0.1237
nxHelBake1.g17972.t1	 0.0693
nxHelBake1.g12865.t1	 0.1402
nxHelBake1.g18158.t1	 0.0941
nxHelBake1.g404.t1	 0.0743
nxHelBake1.g13713.t1	 0.0878
nxHelBake1.g18286.t1	 0.1279
nxHelBake1.g341.t1	 0.0452
nxHelBake1.g15241.t1	 0.0396
nxHelBake1.g16134.t1	 0.1078
nxHelBake1.g12850.t1	 0.1016
nxHelBake1.g11828.t1	 0.0071
nxHelBake1.g18043.t1	 0.0795
nxHelBake1.g13990.t1	66.2872
nxHelBake1.g1790.t1	 0.0302
nxHelBake1.g15314.t1	 0.0573
nxHelBake1.g6168.t1	 0.0648
nxHelBake1.g10759.t1	 0.0441
nxHelBake1.g6492.t1	 0.0978
nxHelBake1.g11686.t1	 0.0078
nxHelBake1.g16054.t3	 0.0997
nxHelBake1.g1998.t2	 0.0461
nxHelBake1.g12858.t1	 0.1086
nxHelBake1.g3682.t1	 0.0989
nxHelBake1.g12907.t1	 0.1665
nxHelBake1.g10339.t4	 0.1517
nxHelBake1.g12716.t1	 0.0562
nxHelBake1.g9714.t1	 0.0800
nxHelBake1.g2201.t4	 0.0559
nxHelBake1.g2757.t1	 0.0875
nxHelBake1.g4847.t2	 0.0282
nxHelBake1.g3867.t1	 0.0307
nxHelBake1.g16666.t1	 0.0329
nxHelBake1.g17225.t1	 0.0218
nxHelBake1.g13047.t1	 0.1339
nxHelBake1.g2121.t1	 0.0493
nxHelBake1.g12897.t2	 0.0663
nxHelBake1.g2018.t1	 0.0530
nxHelBake1.g3264.t1	 0.0977
nxHelBake1.g6076.t1	 0.1115
nxHelBake1.g12933.t2	 0.1425
nxHelBake1.g16982.t1	 0.0425
nxHelBake1.g4659.t1	 0.0812
nxHelBake1.g7400.t1	 0.0781
nxHelBake1.g828.t1	 0.0633
nxHelBake1.g10802.t1	 0.0932
nxHelBake1.g12532.t1	 0.0886
nxHelBake1.g4766.t1	 0.0324
nxHelBake1.g12273.t1	 0.0631
nxHelBake1.g5276.t1	 0.0329
nxHelBake1.g8453.t2	 0.0204
nxHelBake1.g9767.t1	 0.0825
nxHelBake1.g14085.t5	 0.0307
nxHelBake1.g12364.t1	 0.0585
nxHelBake1.g16631.t1	 0.0370
nxHelBake1.g18072.t1	 0.0328
nxHelBake1.g15261.t2	 0.0303
nxHelBake1.g18438.t1	 0.1200
nxHelBake1.g72.t1	 0.0976
nxHelBake1.g5609.t1	 0.0845
nxHelBake1.g10773.t1	 0.0784
nxHelBake1.g9374.t1	 0.1726
nxHelBake1.g18042.t1	 0.0888
nxHelBake1.g16759.t1	 0.0575
nxHelBake1.g16511.t1	 0.0778
nxHelBake1.g16954.t1	 0.0303
nxHelBake1.g17500.t2	 0.0256
nxHelBake1.g9332.t1	 0.0812
nxHelBake1.g3099.t1	 0.0854
nxHelBake1.g2183.t1	 0.0594
nxHelBake1.g13773.t1	 0.0817
nxHelBake1.g11577.t1	 0.0274
nxHelBake1.g3346.t2	 0.1146
nxHelBake1.g18073.t1	 0.0506
nxHelBake1.g2249.t1	 0.0730
nxHelBake1.g7920.t1	 0.0000
nxHelBake1.g18567.t1	 0.0334
nxHelBake1.g10244.t6	 0.0932
nxHelBake1.g10561.t1	 0.1335
nxHelBake1.g2143.t1	 0.0731
nxHelBake1.g11655.t1	 0.0189
nxHelBake1.g6558.t3	 0.1289
nxHelBake1.g8237.t1	 0.0034
nxHelBake1.g4447.t1	 0.0477
nxHelBake1.g14765.t1	 0.0143
nxHelBake1.g15984.t1	 0.1112
nxHelBake1.g9417.t2	 0.1113
nxHelBake1.g10411.t1	 0.0816
nxHelBake1.g10157.t1	 0.1495
nxHelBake1.g11588.t1	 0.0227
nxHelBake1.g6559.t1	 0.0675
nxHelBake1.g16417.t1	 0.0966
nxHelBake1.g4149.t1	 0.0539
nxHelBake1.g3124.t1	 0.1045
nxHelBake1.g7820.t1	 0.0294
nxHelBake1.g17106.t3	 0.0833
nxHelBake1.g12630.t1	 0.1274
nxHelBake1.g11687.t6	 0.0115
nxHelBake1.g17194.t1	 0.0192
nxHelBake1.g15868.t1	 0.0692
nxHelBake1.g1907.t1	 0.0376
nxHelBake1.g4077.t1	 0.0284
nxHelBake1.g11820.t6	 0.0277
nxHelBake1.g2204.t1	 0.1236
nxHelBake1.g10248.t1	 0.0847
nxHelBake1.g11506.t1	 0.0167
nxHelBake1.g17578.t1	 0.0165
nxHelBake1.g11260.t1	 0.0178
nxHelBake1.g8054.t1	 0.0166
nxHelBake1.g8325.t1	 0.0338
nxHelBake1.g9969.t1	 0.0996
nxHelBake1.g8631.t1	 0.0339
nxHelBake1.g2077.t1	 0.0443
nxHelBake1.g18007.t1	 0.0254
nxHelBake1.g451.t1	 0.1067
nxHelBake1.g5055.t1	 0.0000
nxHelBake1.g14813.t1	 0.0257
nxHelBake1.g12642.t1	 0.0831
nxHelBake1.g15146.t1	 0.1087
nxHelBake1.g13098.t2	 0.0693
nxHelBake1.g1323.t1	 0.0364
nxHelBake1.g18204.t1	 0.0459
nxHelBake1.g10733.t1	 0.1160
nxHelBake1.g1532.t1	 0.0236
nxHelBake1.g12451.t1	 0.0911
nxHelBake1.g13171.t1	 0.1246
nxHelBake1.g17212.t1	 0.0243
nxHelBake1.g15359.t1	 0.0516
nxHelBake1.g15580.t1	 0.0888
nxHelBake1.g13462.t1	 0.0457
nxHelBake1.g17273.t1	 0.0157
nxHelBake1.g2949.t1	 0.2208
nxHelBake1.g11141.t1	 0.0191
nxHelBake1.g2189.t1	 0.0362
nxHelBake1.g8718.t1	 0.0547
nxHelBake1.g2531.t2	 0.0856
nxHelBake1.g2092.t1	 0.0640
nxHelBake1.g2107.t1	 0.0606
nxHelBake1.g17231.t1	 0.0000
nxHelBake1.g8236.t1	 0.0141
nxHelBake1.g3437.t2	 0.0528
nxHelBake1.g13605.t2	 0.0697
nxHelBake1.g7499.t1	 0.0491
nxHelBake1.g18550.t3	 0.1166
nxHelBake1.g18336.t2	 0.0627
nxHelBake1.g13522.t1	 0.0558
nxHelBake1.g9030.t1	 0.0150
nxHelBake1.g12056.t1	 0.0339
nxHelBake1.g3829.t2	 0.0830
nxHelBake1.g13326.t1	 0.0652
nxHelBake1.g18218.t2	 0.0719
nxHelBake1.g16726.t1	 0.0596
nxHelBake1.g1027.t1	 0.0435
nxHelBake1.g8278.t3	 0.0468
nxHelBake1.g15250.t1	 0.0942
nxHelBake1.g16770.t1	 0.0252
nxHelBake1.g7442.t1	 0.0187
nxHelBake1.g6350.t1	 0.1203
nxHelBake1.g13011.t2	 0.1130
nxHelBake1.g12313.t1	 0.0852
nxHelBake1.g18588.t1	 0.0543
nxHelBake1.g9357.t1	 0.0117
nxHelBake1.g677.t1	 0.0723
nxHelBake1.g17565.t5	 0.0167
nxHelBake1.g16126.t1	 0.0729
nxHelBake1.g8711.t2	 0.0886
nxHelBake1.g1126.t1	 0.0259
nxHelBake1.g10210.t1	 0.0960
nxHelBake1.g1562.t1	 0.0530
nxHelBake1.g9593.t1	 0.0884
nxHelBake1.g17089.t4	 0.0338
nxHelBake1.g16824.t1	 0.0671
nxHelBake1.g4003.t1	 0.1244
nxHelBake1.g18731.t1	 0.1136
nxHelBake1.g8536.t1	 0.0126
nxHelBake1.g375.t1	 0.1228
nxHelBake1.g4785.t1	 0.1660
nxHelBake1.g14859.t3	 0.0353
nxHelBake1.g18039.t1	 0.1947
nxHelBake1.g851.t1	 0.0915
nxHelBake1.g12556.t1	 0.0980
nxHelBake1.g12405.t1	 0.0528
nxHelBake1.g12755.t1	 0.0951
nxHelBake1.g4137.t1	 0.0945
nxHelBake1.g7903.t1	 0.0369
nxHelBake1.g2522.t1	 0.0396
nxHelBake1.g10646.t1	 0.1229
nxHelBake1.g11975.t3	 0.0260
nxHelBake1.g6396.t1	 0.1781
nxHelBake1.g16487.t2	 0.0403
nxHelBake1.g14746.t2	 0.0324
nxHelBake1.g18174.t1	 0.1052
nxHelBake1.g12122.t3	 0.0733
nxHelBake1.g13916.t4	 0.0583
nxHelBake1.g5409.t1	 0.0218
nxHelBake1.g17926.t1	 0.0485
nxHelBake1.g8297.t1	 0.0234
nxHelBake1.g8974.t1	 0.0055
nxHelBake1.g560.t2	 0.0660
nxHelBake1.g4240.t1	 0.0351
nxHelBake1.g2993.t1	 0.0931
nxHelBake1.g17353.t1	 0.0265
nxHelBake1.g5983.t1	 0.1450
nxHelBake1.g10557.t1	 0.0480
nxHelBake1.g8792.t1	 0.0266
nxHelBake1.g6379.t1	 0.1624
nxHelBake1.g8122.t1	 0.0070
nxHelBake1.g12839.t1	 0.0434
nxHelBake1.g16876.t1	 0.0336
nxHelBake1.g2654.t1	 0.0733
nxHelBake1.g13761.t1	 0.0596
nxHelBake1.g4705.t2	 0.0355
nxHelBake1.g17939.t1	 0.0476
nxHelBake1.g5274.t2	 0.0556
nxHelBake1.g850.t1	 0.0607
nxHelBake1.g5550.t4	 0.0833
nxHelBake1.g12852.t1	 0.0441
nxHelBake1.g5833.t1	 0.0950
nxHelBake1.g15475.t2	 0.0968
nxHelBake1.g6061.t1	 0.0559
nxHelBake1.g2753.t1	 0.1100
nxHelBake1.g16779.t1	 0.0137
nxHelBake1.g1793.t1	 0.1899
nxHelBake1.g16030.t1	 0.0697
nxHelBake1.g11338.t1	 0.0593
nxHelBake1.g1327.t2	 0.0606
nxHelBake1.g13129.t1	 0.0243
nxHelBake1.g4488.t1	 0.0547
nxHelBake1.g12708.t1	 0.1685
nxHelBake1.g1679.t1	 0.0187
nxHelBake1.g11200.t1	 0.0400
nxHelBake1.g15225.t1	 0.1433
nxHelBake1.g5762.t2	 0.0669
nxHelBake1.g8929.t1	 0.0834
nxHelBake1.g7719.t1	 0.0278
nxHelBake1.g12571.t2	 0.0862
nxHelBake1.g12991.t1	 0.0817
nxHelBake1.g7692.t2	 0.0128
nxHelBake1.g11230.t1	 0.0284
nxHelBake1.g10217.t1	 0.1216
nxHelBake1.g8765.t4	 0.0740
nxHelBake1.g550.t5	 0.0946
nxHelBake1.g1991.t2	 0.0432
nxHelBake1.g8528.t1	 0.0391
nxHelBake1.g7393.t1	 0.0774
nxHelBake1.g13540.t1	 0.0990
nxHelBake1.g10699.t2	 0.0914
nxHelBake1.g1810.t1	 0.0341
nxHelBake1.g10925.t5	 0.0591
nxHelBake1.g17352.t1	 0.0197
nxHelBake1.g1896.t1	 0.0151
nxHelBake1.g18621.t1	 0.0959
nxHelBake1.g2125.t3	 0.0038
nxHelBake1.g5657.t1	 0.0523
nxHelBake1.g211.t1	 0.0696
nxHelBake1.g1066.t2	 0.0666
nxHelBake1.g12098.t1	 0.0540
nxHelBake1.g11408.t1	 0.0191
nxHelBake1.g7260.t1	 0.0774
nxHelBake1.g13981.t1	 0.0500
nxHelBake1.g2529.t1	 0.0299
nxHelBake1.g7720.t1	 0.0463
nxHelBake1.g12784.t1	 0.1046
nxHelBake1.g5352.t1	 0.0454
nxHelBake1.g12986.t2	 0.0791
nxHelBake1.g3796.t1	 0.1218
nxHelBake1.g15474.t1	 0.0488
nxHelBake1.g18417.t1	 0.0990
nxHelBake1.g12320.t2	 0.0804
nxHelBake1.g6014.t1	 0.0993
nxHelBake1.g6083.t1	 0.1207
nxHelBake1.g11811.t1	 0.0271
nxHelBake1.g7688.t1	 0.0291
nxHelBake1.g2036.t1	 0.0891
nxHelBake1.g17718.t3	 0.0462
nxHelBake1.g1687.t1	 0.0266
nxHelBake1.g16957.t1	 0.0127
nxHelBake1.g401.t1	 0.0724
nxHelBake1.g3248.t2	 0.1193
nxHelBake1.g11569.t1	 0.0476
nxHelBake1.g17533.t1	 0.0458
nxHelBake1.g852.t2	 0.0574
nxHelBake1.g13908.t1	 0.0435
nxHelBake1.g12806.t1	 0.0419
nxHelBake1.g15345.t1	 0.0218
nxHelBake1.g9887.t2	 0.0735
nxHelBake1.g11937.t1	 0.0246
nxHelBake1.g18504.t2	 0.1041
nxHelBake1.g1806.t2	 0.0708
nxHelBake1.g17264.t1	 0.0283
nxHelBake1.g4446.t1	 0.0399
nxHelBake1.g18598.t1	 0.0856
nxHelBake1.g11228.t1	 0.0515
nxHelBake1.g12645.t1	 0.0664
nxHelBake1.g2538.t1	 0.0241
nxHelBake1.g3358.t1	 0.0761
nxHelBake1.g11533.t2	 0.0205
nxHelBake1.g2276.t2	 0.0813
nxHelBake1.g507.t1	 0.0689
nxHelBake1.g10160.t1	 0.1018
nxHelBake1.g8780.t1	 0.0842
nxHelBake1.g275.t1	 0.1113
nxHelBake1.g4467.t2	 0.0363
nxHelBake1.g6523.t1	 0.1356
nxHelBake1.g16291.t3	 0.0255
nxHelBake1.g12570.t1	 0.1017
nxHelBake1.g11442.t2	 0.0169
nxHelBake1.g17243.t1	 0.0280
nxHelBake1.g17561.t1	 0.0363
nxHelBake1.g17996.t1	 0.0484
nxHelBake1.g2492.t1	 0.0389
nxHelBake1.g16435.t1	 0.0238
nxHelBake1.g5801.t1	 0.0562
nxHelBake1.g13207.t1	 0.0639
nxHelBake1.g15002.t1	 0.1301
nxHelBake1.g4004.t1	 0.0604
nxHelBake1.g1834.t3	 0.0194
nxHelBake1.g13610.t2	 0.0485
nxHelBake1.g3912.t1	 0.0752
nxHelBake1.g5937.t2	 0.1255
nxHelBake1.g7173.t1	 0.0837
nxHelBake1.g8751.t1	 0.0367
nxHelBake1.g6718.t1	 0.0677
nxHelBake1.g18657.t3	 0.0957
nxHelBake1.g15983.t1	 0.0333
nxHelBake1.g555.t1	 0.0740
nxHelBake1.g1893.t2	 0.0297
nxHelBake1.g2864.t1	 0.0501
nxHelBake1.g2173.t1	 0.0551
nxHelBake1.g13353.t1	 0.0930
nxHelBake1.g335.t1	 0.0631
nxHelBake1.g10986.t1	 0.1153
nxHelBake1.g11418.t1	 0.0746
nxHelBake1.g13178.t1	 0.0784
nxHelBake1.g9496.t1	 0.0560
nxHelBake1.g10572.t1	 0.0918
nxHelBake1.g707.t1	 0.0802
nxHelBake1.g10142.t1	 0.0729
nxHelBake1.g9823.t2	 0.0855
nxHelBake1.g14683.t1	 0.0648
nxHelBake1.g10220.t1	 0.0485
nxHelBake1.g13012.t2	 0.1116
nxHelBake1.g18013.t1	 0.0512
nxHelBake1.g17191.t1	 0.0282
nxHelBake1.g11767.t1	 0.0447
nxHelBake1.g18562.t2	 0.1539
nxHelBake1.g7075.t1	 0.1003
nxHelBake1.g17895.t6	 0.1406
nxHelBake1.g12537.t1	 0.0436
nxHelBake1.g8529.t1	 0.0289
nxHelBake1.g2948.t1	 0.0842
nxHelBake1.g8883.t1	 0.0520
nxHelBake1.g6510.t1	 0.0316
nxHelBake1.g8737.t2	 0.1424
nxHelBake1.g11874.t1	 0.0267
nxHelBake1.g1529.t1	 0.0344
nxHelBake1.g8679.t1	 0.0212
nxHelBake1.g15329.t1	 0.0705
nxHelBake1.g15070.t1	 0.1351
nxHelBake1.g10605.t2	 0.0632
nxHelBake1.g11917.t1	 0.0911
nxHelBake1.g11306.t2	 0.0331
nxHelBake1.g13453.t1	 0.0585
nxHelBake1.g13851.t1	 0.0465
nxHelBake1.g10110.t1	 0.0523
nxHelBake1.g11076.t3	 0.0416
nxHelBake1.g10760.t1	 0.0758
nxHelBake1.g12181.t1	 0.0893
nxHelBake1.g16724.t2	 0.0405
nxHelBake1.g13734.t1	 0.0656
nxHelBake1.g8794.t3	 0.0468
nxHelBake1.g2524.t1	 0.0836
nxHelBake1.g15536.t1	 0.0539
nxHelBake1.g18141.t1	 0.0582
nxHelBake1.g9919.t1	 0.1224
nxHelBake1.g11656.t3	 0.0191
nxHelBake1.g15759.t1	 0.1102
nxHelBake1.g1331.t1	 0.0321
nxHelBake1.g16259.t1	 0.1101
nxHelBake1.g10119.t4	 0.0841
nxHelBake1.g11579.t1	 0.0249
nxHelBake1.g15582.t1	 0.1080
nxHelBake1.g6468.t1	 0.0837
nxHelBake1.g7200.t1	 0.0000
nxHelBake1.g18457.t1	 0.0789
nxHelBake1.g7259.t1	 0.0644
nxHelBake1.g2866.t1	 0.0739
nxHelBake1.g17517.t1	 0.0201
nxHelBake1.g11074.t1	 0.0571
nxHelBake1.g586.t1	 0.0608
nxHelBake1.g2277.t1	 0.0659
nxHelBake1.g15394.t1	 0.0088
nxHelBake1.g2706.t1	 0.0999
nxHelBake1.g7645.t1	 0.0312
nxHelBake1.g10212.t2	 0.0593
nxHelBake1.g4414.t1	 0.0515
nxHelBake1.g421.t1	 0.0991
nxHelBake1.g18834.t1	 0.1071
nxHelBake1.g2684.t1	 0.0822
nxHelBake1.g2158.t1	 0.0110
nxHelBake1.g16847.t1	 0.0234
nxHelBake1.g15197.t1	 0.0578
nxHelBake1.g18029.t1	 0.0825
nxHelBake1.g2076.t1	 0.0329
nxHelBake1.g14057.t1	 0.0441
nxHelBake1.g968.t1	 0.1249
nxHelBake1.g2669.t1	 0.0746
nxHelBake1.g8875.t1	 0.0538
nxHelBake1.g2793.t3	 0.0809
nxHelBake1.g5251.t2	 0.0279
nxHelBake1.g15635.t2	 0.0873
nxHelBake1.g6137.t1	 0.0859
nxHelBake1.g17159.t1	 0.0292
nxHelBake1.g17438.t1	 0.0503
nxHelBake1.g13685.t1	 0.0309
nxHelBake1.g18138.t1	 0.0713
nxHelBake1.g11886.t1	 0.0566
nxHelBake1.g2049.t1	 0.0349
nxHelBake1.g2863.t1	 0.0818
nxHelBake1.g1125.t1	 0.0465
nxHelBake1.g12925.t1	 3.0650
nxHelBake1.g13601.t1	 0.0482
nxHelBake1.g290.t1	 0.0804
nxHelBake1.g5327.t1	 0.0553
nxHelBake1.g17.t1	 0.0582
nxHelBake1.g10162.t1	 0.0941
nxHelBake1.g8729.t1	 0.0950
nxHelBake1.g17745.t1	 0.0214
nxHelBake1.g17882.t1	 0.0424
nxHelBake1.g13298.t1	 0.0862
nxHelBake1.g11895.t1	 0.0592
nxHelBake1.g5192.t1	 0.0317
nxHelBake1.g17348.t6	 0.0196
nxHelBake1.g13357.t1	 0.0930
nxHelBake1.g8813.t1	 0.0666
nxHelBake1.g15731.t1	 0.2370
nxHelBake1.g12756.t1	 0.1578
nxHelBake1.g3959.t1	 0.1276
nxHelBake1.g17235.t1	 0.0458
nxHelBake1.g12512.t1	 0.1214
nxHelBake1.g4724.t1	 0.0532
nxHelBake1.g2172.t1	 0.0447
nxHelBake1.g11482.t3	 0.0126
nxHelBake1.g10191.t1	 0.1090
nxHelBake1.g3213.t1	 0.0883
nxHelBake1.g16755.t1	 0.0306
nxHelBake1.g11878.t1	 0.0272
nxHelBake1.g12735.t1	 0.0948
nxHelBake1.g10663.t1	 0.0935
nxHelBake1.g10293.t3	 0.0638
nxHelBake1.g10083.t1	 0.1064
nxHelBake1.g10655.t1	 0.0483
nxHelBake1.g7985.t1	 0.0132
nxHelBake1.g12206.t1	 0.0655
nxHelBake1.g8844.t1	 0.0409
nxHelBake1.g3037.t1	 0.0889
nxHelBake1.g3897.t1	 0.1077
nxHelBake1.g10369.t1	 0.0976
nxHelBake1.g771.t1	 0.1321
nxHelBake1.g16529.t1	 0.1384
nxHelBake1.g9324.t1	 0.0949
nxHelBake1.g6289.t1	 0.1427
nxHelBake1.g15922.t1	 0.0664
nxHelBake1.g14550.t2	 0.0934
nxHelBake1.g11078.t1	 0.0383
nxHelBake1.g7551.t1	 0.0398
nxHelBake1.g5824.t1	 0.0761
nxHelBake1.g13917.t1	 0.0790
nxHelBake1.g10216.t1	 0.0849
nxHelBake1.g15618.t1	 0.0922
nxHelBake1.g12087.t1	 0.0199
nxHelBake1.g18331.t1	 0.0822
nxHelBake1.g2750.t1	 0.0902
nxHelBake1.g11901.t2	 0.0632
nxHelBake1.g1144.t1	 0.0254
nxHelBake1.g10728.t1	 0.0323
nxHelBake1.g16713.t1	 0.0337
nxHelBake1.g16477.t1	 0.0492
nxHelBake1.g15360.t3	 0.0361
nxHelBake1.g1025.t1	 0.0497
nxHelBake1.g15702.t1	 0.1096
nxHelBake1.g18836.t1	 0.0883
nxHelBake1.g15719.t1	 0.1174
nxHelBake1.g9007.t1	 0.1011
nxHelBake1.g12776.t1	 0.1137
nxHelBake1.g1258.t1	 0.0356
nxHelBake1.g10015.t1	 0.1376
nxHelBake1.g11304.t1	 0.0486
nxHelBake1.g17495.t1	 0.0352
nxHelBake1.g12021.t1	 0.0431
nxHelBake1.g12600.t1	 0.1280
nxHelBake1.g8113.t3	 0.0157
nxHelBake1.g18100.t1	 0.0955
nxHelBake1.g431.t1	 0.1093
nxHelBake1.g12455.t1	 0.0843
nxHelBake1.g16915.t1	 0.0378
nxHelBake1.g1370.t1	 0.0345
nxHelBake1.g14799.t5	 0.0533
nxHelBake1.g8957.t1	 0.0967
nxHelBake1.g16005.t1	 0.1136
nxHelBake1.g11221.t1	 0.0386
nxHelBake1.g1861.t3	 0.0440
nxHelBake1.g11508.t4	 0.0544
nxHelBake1.g12017.t1	 0.0778
nxHelBake1.g7498.t1	 0.0308
nxHelBake1.g1206.t1	 0.0421
nxHelBake1.g733.t1	 0.0389
nxHelBake1.g16119.t1	 0.1306
nxHelBake1.g5844.t1	 0.0627
nxHelBake1.g861.t1	 0.0664
nxHelBake1.g3454.t2	 0.0719
nxHelBake1.g4636.t1	 0.0671
nxHelBake1.g12489.t1	 0.1019
nxHelBake1.g12849.t1	 0.1129
nxHelBake1.g1649.t1	 0.0228
nxHelBake1.g432.t1	 0.1076
nxHelBake1.g1352.t1	 0.0381
nxHelBake1.g6524.t1	 0.0563
nxHelBake1.g16154.t1	 0.1097
nxHelBake1.g10575.t1	 0.1106
nxHelBake1.g8275.t5	 0.0538
nxHelBake1.g8457.t5	 0.0491
nxHelBake1.g11328.t1	 0.0498
nxHelBake1.g12515.t1	 0.0784
nxHelBake1.g2925.t1	 0.0591
nxHelBake1.g2209.t1	 0.0711
nxHelBake1.g11782.t1	 0.0194
nxHelBake1.g17928.t6	 0.1127
nxHelBake1.g5822.t3	 0.0594
nxHelBake1.g12694.t1	 0.0557
nxHelBake1.g15413.t1	 0.1008
nxHelBake1.g14892.t4	 0.0452
nxHelBake1.g15193.t1	 0.0956
nxHelBake1.g12691.t2	 0.0675
nxHelBake1.g17499.t2	 0.0000
nxHelBake1.g2106.t1	 0.0580
nxHelBake1.g17688.t1	 0.0335
nxHelBake1.g4092.t2	 0.0518
nxHelBake1.g9422.t1	 0.0967
nxHelBake1.g11415.t1	 0.0178
nxHelBake1.g7217.t1	 0.0862
nxHelBake1.g11261.t1	 0.0275
nxHelBake1.g11821.t1	 0.1603
nxHelBake1.g16255.t2	 0.0691
nxHelBake1.g13064.t1	 0.1204
nxHelBake1.g364.t1	 0.0933
nxHelBake1.g9557.t1	 0.0854
nxHelBake1.g4235.t1	 0.1110
nxHelBake1.g4295.t1	 0.0498
nxHelBake1.g16518.t3	 0.0438
nxHelBake1.g6115.t2	 0.1087
nxHelBake1.g6200.t1	 0.1148
nxHelBake1.g150.t2	 0.1259
nxHelBake1.g4645.t1	 0.0251
nxHelBake1.g8352.t1	 0.0230
nxHelBake1.g3094.t1	 0.1746
nxHelBake1.g2020.t1	 0.0391
nxHelBake1.g14602.t1	 0.0466
nxHelBake1.g11134.t1	 0.0402
nxHelBake1.g1630.t1	 0.0576
nxHelBake1.g4271.t1	 0.0478
nxHelBake1.g5623.t1	 0.0633
nxHelBake1.g15187.t1	 0.0406
nxHelBake1.g11734.t1	 0.0574
nxHelBake1.g15184.t1	 0.0497
nxHelBake1.g18031.t1	 0.0322
nxHelBake1.g5372.t1	 0.0684
nxHelBake1.g2904.t1	 0.1177
nxHelBake1.g1176.t1	 0.0504
nxHelBake1.g2084.t2	 0.0583
nxHelBake1.g13002.t1	 0.0482
nxHelBake1.g4212.t2	 0.0227
nxHelBake1.g13049.t1	 0.1579
nxHelBake1.g10820.t1	 0.0852
nxHelBake1.g16629.t2	 0.0317
nxHelBake1.g18467.t1	 0.0679
nxHelBake1.g17510.t1	 0.0338
nxHelBake1.g5400.t1	 0.0775
nxHelBake1.g17311.t2	 0.0219
nxHelBake1.g9774.t1	 0.1500
nxHelBake1.g12227.t1	 0.0979
nxHelBake1.g12591.t2	 0.0777
nxHelBake1.g5672.t1	 0.0915
nxHelBake1.g3040.t1	 0.0908
nxHelBake1.g4561.t1	 0.0269
nxHelBake1.g16722.t1	 0.0378
nxHelBake1.g4593.t1	 0.0297
nxHelBake1.g5328.t1	 0.0444
nxHelBake1.g10184.t1	 0.0644
nxHelBake1.g128.t1	 0.1043
nxHelBake1.g18862.t1	 0.0736
nxHelBake1.g18219.t2	 0.0399
nxHelBake1.g16874.t2	 0.0385
nxHelBake1.g9370.t1	 0.1480
nxHelBake1.g15285.t1	 0.0811
nxHelBake1.g12959.t1	 0.1079
nxHelBake1.g6611.t1	 0.0688
nxHelBake1.g14697.t1	 0.0519
nxHelBake1.g11131.t1	 0.0479
nxHelBake1.g5390.t1	 0.0965
nxHelBake1.g8793.t1	 0.0380
nxHelBake1.g11346.t1	 0.0448
nxHelBake1.g4468.t3	 0.0450
nxHelBake1.g17645.t1	 0.0281
nxHelBake1.g9368.t1	 0.0286
nxHelBake1.g11222.t1	 0.0363
nxHelBake1.g14882.t1	 0.0416
nxHelBake1.g10583.t1	 0.0608
nxHelBake1.g14719.t1	 0.0101
nxHelBake1.g8691.t4	 0.0691
nxHelBake1.g3329.t1	 0.1307
nxHelBake1.g4403.t3	 0.0432
nxHelBake1.g18610.t1	 0.1530
nxHelBake1.g1900.t1	 0.0554
nxHelBake1.g4706.t1	 0.0751
nxHelBake1.g2961.t1	 0.0958
nxHelBake1.g5473.t2	 0.0633
nxHelBake1.g17613.t1	 0.0317
nxHelBake1.g15312.t1	 0.0553
nxHelBake1.g18954.t2	 0.0092
nxHelBake1.g17568.t1	 0.0249
nxHelBake1.g8018.t1	 0.0000
nxHelBake1.g5291.t1	 0.0377
nxHelBake1.g360.t1	 0.0265
nxHelBake1.g9212.t1	 0.0495
nxHelBake1.g3525.t2	 0.1259
nxHelBake1.g9395.t2	 0.0810
nxHelBake1.g4499.t1	 0.0438
nxHelBake1.g5142.t1	 0.0164
nxHelBake1.g12544.t1	 0.0773
nxHelBake1.g3332.t1	 0.0887
nxHelBake1.g18032.t1	 0.0825
nxHelBake1.g4115.t2	 0.0598
nxHelBake1.g11794.t1	 0.0676
nxHelBake1.g5063.t2	 0.0412
nxHelBake1.g12757.t1	 0.0635
nxHelBake1.g18665.t3	 0.0488
nxHelBake1.g1142.t1	 0.0625
nxHelBake1.g9205.t2	 0.0645
nxHelBake1.g9646.t1	 0.0987
nxHelBake1.g11240.t4	 0.0632
nxHelBake1.g4351.t1	 0.0751
nxHelBake1.g17470.t2	 0.0183
nxHelBake1.g18371.t1	 0.0618
nxHelBake1.g3165.t1	56.8339
nxHelBake1.g11833.t1	 0.0252
nxHelBake1.g11194.t1	 0.0571
nxHelBake1.g15442.t1	 0.1216
nxHelBake1.g3114.t1	 0.0745
nxHelBake1.g1939.t2	 0.0369
nxHelBake1.g16286.t1	 0.0619
nxHelBake1.g1192.t1	 0.1045
nxHelBake1.g2155.t1	 0.0417
nxHelBake1.g2080.t1	 0.0444
nxHelBake1.g13865.t1	 0.1036
nxHelBake1.g3093.t1	 0.0615
nxHelBake1.g16155.t1	 0.0443
nxHelBake1.g17765.t1	 0.1042
nxHelBake1.g18745.t1	 0.0733
nxHelBake1.g12596.t1	 0.0673
nxHelBake1.g12410.t2	 0.2456
nxHelBake1.g5314.t2	 0.0636
nxHelBake1.g5289.t1	 0.0693
nxHelBake1.g15284.t1	 0.0481
nxHelBake1.g18421.t1	 0.0553
nxHelBake1.g4911.t2	 0.0465
nxHelBake1.g8818.t1	 0.0616
nxHelBake1.g13646.t3	 0.2300
nxHelBake1.g10370.t1	 0.0964
nxHelBake1.g17128.t1	 0.0539
nxHelBake1.g11357.t1	 0.0406
nxHelBake1.g8411.t1	 0.0154
nxHelBake1.g1563.t1	 0.0962
nxHelBake1.g11313.t1	 0.0319
nxHelBake1.g10717.t1	 0.0596
nxHelBake1.g10032.t1	 0.0880
nxHelBake1.g16532.t1	 0.1099
nxHelBake1.g7501.t1	 0.0486
nxHelBake1.g10038.t1	 0.1367
nxHelBake1.g837.t2	 0.0777
nxHelBake1.g11135.t1	 0.0144
nxHelBake1.g3149.t2	 0.1077
nxHelBake1.g9897.t1	 0.0696
nxHelBake1.g11163.t2	 0.0315
nxHelBake1.g18692.t1	 0.0917
nxHelBake1.g11984.t1	 0.0404
nxHelBake1.g12497.t1	 0.0420
nxHelBake1.g15778.t1	 0.1326
nxHelBake1.g10600.t1	 0.0898
nxHelBake1.g5590.t1	 0.1070
nxHelBake1.g6113.t2	 0.1238
nxHelBake1.g13001.t1	 0.0969
nxHelBake1.g16140.t2	 0.0559
nxHelBake1.g10199.t1	 0.0508
nxHelBake1.g11326.t3	 0.0217
nxHelBake1.g3708.t1	 0.0335
nxHelBake1.g10576.t1	 0.0718
nxHelBake1.g6015.t1	 0.0649
nxHelBake1.g18720.t1	 0.0731
nxHelBake1.g7828.t1	 0.0403
nxHelBake1.g18855.t1	 0.1055
nxHelBake1.g18295.t3	 0.0858
nxHelBake1.g10918.t1	 0.0478
nxHelBake1.g12916.t2	 0.0895
nxHelBake1.g17707.t1	 0.0877
nxHelBake1.g11779.t1	 0.0223
nxHelBake1.g4243.t1	 0.0453
nxHelBake1.g4439.t3	 0.0457
nxHelBake1.g11012.t1	 0.0863
nxHelBake1.g17946.t2	 0.0357
nxHelBake1.g8260.t1	 0.0221
nxHelBake1.g3960.t2	 0.0322
nxHelBake1.g8261.t1	 0.0183
nxHelBake1.g9108.t1	 0.0370
nxHelBake1.g14853.t1	 0.0389
nxHelBake1.g14732.t1	 0.0364
nxHelBake1.g10384.t1	 0.0768
nxHelBake1.g15311.t1	 0.0351
nxHelBake1.g13446.t1	 0.0335
nxHelBake1.g5718.t1	 0.1192
nxHelBake1.g1661.t1	 0.0374
nxHelBake1.g3129.t1	 0.2736
nxHelBake1.g2115.t1	 0.0573
nxHelBake1.g3427.t1	 0.0441
nxHelBake1.g1993.t1	 0.0802
nxHelBake1.g10922.t1	 0.0293
nxHelBake1.g10507.t2	 0.0737
nxHelBake1.g3366.t1	 0.0610
nxHelBake1.g4075.t1	 0.0367
nxHelBake1.g18595.t2	 0.0441
nxHelBake1.g4949.t1	 0.0080
nxHelBake1.g321.t1	 0.1429
nxHelBake1.g4759.t2	 0.0346
nxHelBake1.g17927.t1	 0.0338
nxHelBake1.g3172.t2	 0.0947
nxHelBake1.g16548.t1	 0.0846
nxHelBake1.g15050.t1	 0.0189
nxHelBake1.g13173.t1	 0.1120
nxHelBake1.g15810.t1	 0.0904
nxHelBake1.g11534.t3	 0.0131
nxHelBake1.g636.t1	 0.1401
nxHelBake1.g6895.t2	 0.1061
nxHelBake1.g609.t1	 0.0882
nxHelBake1.g16179.t1	 0.2856
nxHelBake1.g11411.t1	 0.0670
nxHelBake1.g17587.t1	 0.0249
nxHelBake1.g8051.t1	 0.0178
nxHelBake1.g11793.t1	 0.0282
nxHelBake1.g12598.t2	 0.1239
nxHelBake1.g7874.t1	 0.0315
nxHelBake1.g16156.t1	 0.0222
nxHelBake1.g6205.t1	 0.0916
nxHelBake1.g7142.t1	 0.1217
nxHelBake1.g10177.t1	 0.0985
nxHelBake1.g4182.t4	 0.0580
nxHelBake1.g8535.t4	 0.0587
nxHelBake1.g12032.t1	 0.0567
nxHelBake1.g18659.t1	 0.0208
nxHelBake1.g17428.t1	 0.0589
nxHelBake1.g3130.t1	 0.0788
nxHelBake1.g2530.t1	 0.0525
nxHelBake1.g10029.t1	 0.0679
nxHelBake1.g12179.t1	 0.0576
nxHelBake1.g3108.t1	 0.0202
nxHelBake1.g13115.t2	 0.0352
nxHelBake1.g5938.t1	 0.0851
nxHelBake1.g14968.t1	 0.0147
nxHelBake1.g17559.t2	 0.0203
nxHelBake1.g12934.t3	 0.0561
nxHelBake1.g7737.t1	 0.0394
nxHelBake1.g15089.t1	 0.1039
nxHelBake1.g11538.t1	 0.0488
nxHelBake1.g16379.t1	 0.0425
nxHelBake1.g8688.t1	 0.0687
nxHelBake1.g17157.t1	 0.0246
nxHelBake1.g11913.t13	 0.0660
nxHelBake1.g10352.t1	 0.1565
nxHelBake1.g18261.t1	 0.0788
nxHelBake1.g12036.t1	 0.0302
nxHelBake1.g4139.t3	 0.0535
nxHelBake1.g12115.t1	 0.0744
nxHelBake1.g17161.t1	 0.0231
nxHelBake1.g9733.t1	 0.1067
nxHelBake1.g4347.t2	 0.0506
nxHelBake1.g9311.t2	 0.0598
nxHelBake1.g1436.t1	 0.0239
nxHelBake1.g5073.t2	 0.0281
nxHelBake1.g18672.t1	 0.0915
nxHelBake1.g4577.t1	 0.1033
nxHelBake1.g1227.t1	 0.0281
nxHelBake1.g6376.t1	 0.0826
nxHelBake1.g17685.t1	 0.0639
nxHelBake1.g18002.t2	 0.1110
nxHelBake1.g7879.t1	 0.0101
nxHelBake1.g2947.t1	 0.0386
nxHelBake1.g9858.t1	 0.0297
nxHelBake1.g272.t1	 0.1704
nxHelBake1.g12033.t1	 0.0398
nxHelBake1.g1348.t1	 0.0548
nxHelBake1.g17477.t1	 0.0280
nxHelBake1.g14931.t1	 0.0462
nxHelBake1.g676.t2	 0.0520
nxHelBake1.g4329.t1	 0.0518
nxHelBake1.g3511.t1	 0.1394
nxHelBake1.g6983.t1	 0.0609
nxHelBake1.g15581.t2	 0.1132
nxHelBake1.g4643.t4	 0.0527
nxHelBake1.g6962.t1	 0.0500
nxHelBake1.g2994.t1	 0.0847
nxHelBake1.g7782.t1	 0.1637
nxHelBake1.g13552.t2	 0.0305
nxHelBake1.g18213.t1	 0.0683
nxHelBake1.g4060.t2	 0.0206
nxHelBake1.g18675.t1	 0.0578
nxHelBake1.g17518.t1	 0.0194
nxHelBake1.g13048.t1	 0.1358
nxHelBake1.g15239.t1	 0.0673
nxHelBake1.g11554.t1	 0.0467
nxHelBake1.g15465.t1	 0.0477
nxHelBake1.g4710.t1	 0.0234
nxHelBake1.g1049.t1	 0.0821
nxHelBake1.g9177.t1	 0.0945
nxHelBake1.g18287.t2	 0.1928
nxHelBake1.g8514.t1	 0.0376
nxHelBake1.g16920.t2	 0.0286
nxHelBake1.g2897.t2	 0.0974
nxHelBake1.g4358.t1	 0.0924
nxHelBake1.g18307.t1	 0.0746
nxHelBake1.g10319.t1	 0.0956
nxHelBake1.g12011.t4	 0.0926
nxHelBake1.g5796.t1	 0.0933
nxHelBake1.g875.t1	 0.1091
nxHelBake1.g11310.t1	 0.0282
nxHelBake1.g323.t1	 0.0812
nxHelBake1.g3669.t1	 0.0449
nxHelBake1.g10463.t1	 0.0315
nxHelBake1.g10473.t1	 0.0581
nxHelBake1.g5228.t1	 0.0182
nxHelBake1.g17162.t1	 0.0577
nxHelBake1.g18401.t3	 0.0697
nxHelBake1.g15258.t1	 0.0697
nxHelBake1.g13879.t2	 0.0265
nxHelBake1.g10114.t1	 0.0620
nxHelBake1.g15728.t1	 0.0745
nxHelBake1.g8230.t1	 0.0088
nxHelBake1.g5501.t1	 0.0918
nxHelBake1.g5549.t1	 0.0514
nxHelBake1.g10359.t1	 0.0293
nxHelBake1.g17481.t1	 0.0512
nxHelBake1.g4126.t1	 0.0535
nxHelBake1.g12892.t1	 0.0083
nxHelBake1.g16604.t2	 0.0352
nxHelBake1.g18469.t2	 0.1036
nxHelBake1.g11592.t1	 0.0059
nxHelBake1.g11495.t2	 0.0558
nxHelBake1.g7357.t1	 0.0269
nxHelBake1.g6185.t1	 0.1476
nxHelBake1.g12738.t1	 0.0809
nxHelBake1.g18084.t1	 0.0607
nxHelBake1.g17719.t1	 0.0462
nxHelBake1.g17068.t2	 0.0224
nxHelBake1.g11108.t1	 0.0422
nxHelBake1.g9788.t1	 0.1790
nxHelBake1.g17614.t1	 0.0310
nxHelBake1.g9134.t1	 0.0873
nxHelBake1.g11926.t1	 0.1093
nxHelBake1.g7921.t1	 0.0340
nxHelBake1.g12750.t1	 0.1220
nxHelBake1.g9010.t1	 0.0710
nxHelBake1.g3446.t1	 0.0321
nxHelBake1.g5479.t1	 0.0442
nxHelBake1.g15327.t1	 0.0397
nxHelBake1.g4863.t1	 0.0577
nxHelBake1.g6383.t2	 0.1506
nxHelBake1.g16024.t1	 0.1014
nxHelBake1.g15280.t1	 0.0437
nxHelBake1.g6639.t1	 0.1000
nxHelBake1.g17734.t1	 0.0341
nxHelBake1.g8050.t1	 0.0124
nxHelBake1.g16294.t2	 0.0695
nxHelBake1.g2166.t1	 0.0455
nxHelBake1.g1016.t2	 0.0848
nxHelBake1.g3702.t1	 0.0825
nxHelBake1.g17767.t1	 0.0296
nxHelBake1.g8814.t2	 0.1133
nxHelBake1.g18431.t2	 0.0441
nxHelBake1.g2707.t1	 0.0658
nxHelBake1.g1662.t2	 0.0178
nxHelBake1.g18748.t1	 0.0349
nxHelBake1.g2149.t1	 0.0432
nxHelBake1.g8534.t1	 0.0485
nxHelBake1.g8750.t1	 0.0420
nxHelBake1.g7896.t1	 0.0335
nxHelBake1.g13258.t1	 0.0607
nxHelBake1.g17281.t1	 0.0157
nxHelBake1.g382.t2	 0.1495
nxHelBake1.g11093.t1	 0.0382
nxHelBake1.g13931.t1	 0.0189
nxHelBake1.g8116.t1	 0.0251
nxHelBake1.g10780.t1	 0.0549
nxHelBake1.g405.t1	 0.1660
nxHelBake1.g4969.t1	 0.0372
nxHelBake1.g13793.t1	 0.0790
nxHelBake1.g17021.t1	 0.0241
nxHelBake1.g11971.t1	 0.0444
nxHelBake1.g18648.t1	 0.0573
nxHelBake1.g28.t1	 0.0414
nxHelBake1.g13327.t3	 0.0731
nxHelBake1.g1514.t1	 0.0295
nxHelBake1.g15448.t1	 0.0630
nxHelBake1.g17583.t5	 0.2312
nxHelBake1.g15319.t1	 0.0907
nxHelBake1.g13590.t1	 0.2350
nxHelBake1.g13676.t1	 0.0252
nxHelBake1.g1724.t1	 0.0193
nxHelBake1.g887.t1	 0.0505
nxHelBake1.g5466.t1	 0.0671
nxHelBake1.g16940.t1	 0.0332
nxHelBake1.g17052.t1	 0.0329
nxHelBake1.g6067.t1	 0.1050
nxHelBake1.g16128.t1	 0.1327
nxHelBake1.g11347.t2	 0.0254
nxHelBake1.g17045.t5	 0.0248
nxHelBake1.g9684.t2	 0.0688
nxHelBake1.g5100.t1	 0.0105
nxHelBake1.g8349.t1	 0.0326
nxHelBake1.g573.t1	 0.1160
nxHelBake1.g2093.t1	 0.0659
nxHelBake1.g5106.t1	 0.0228
nxHelBake1.g13690.t1	 0.0601
nxHelBake1.g9014.t1	 0.0619
nxHelBake1.g14951.t2	 0.0381
nxHelBake1.g13016.t1	 0.0935
nxHelBake1.g6698.t2	 0.0931
nxHelBake1.g13516.t1	 0.0632
nxHelBake1.g13089.t1	 0.0473
nxHelBake1.g5624.t1	 0.0831
nxHelBake1.g5006.t2	 0.0619
nxHelBake1.g2145.t1	 0.0306
nxHelBake1.g2988.t3	 0.1177
nxHelBake1.g692.t1	 0.0580
nxHelBake1.g9859.t1	 0.0546
nxHelBake1.g16585.t1	 0.0873
nxHelBake1.g15450.t1	 0.0645
nxHelBake1.g3473.t1	 0.1065
nxHelBake1.g5972.t1	 0.1882
nxHelBake1.g2081.t1	 0.0474
nxHelBake1.g15415.t1	 0.0755
nxHelBake1.g10221.t1	 0.0673
nxHelBake1.g6112.t1	 0.1056
nxHelBake1.g1271.t2	 0.0527
nxHelBake1.g1639.t1	 0.0124
nxHelBake1.g3871.t1	 0.0799
nxHelBake1.g11279.t1	 0.0180
nxHelBake1.g14701.t1	 0.0257
nxHelBake1.g429.t1	 0.1445
nxHelBake1.g18506.t5	 0.0918
nxHelBake1.g9907.t2	 0.0811
nxHelBake1.g3359.t1	 0.1281
nxHelBake1.g16753.t3	 0.0378
nxHelBake1.g9449.t1	 0.0795
nxHelBake1.g11356.t1	 0.0393
nxHelBake1.g408.t3	 0.1399
nxHelBake1.g17746.t1	 0.0300
nxHelBake1.g17324.t2	 0.0189
nxHelBake1.g10067.t2	 0.0270
nxHelBake1.g5204.t1	 0.1451
nxHelBake1.g4385.t2	 0.0526
nxHelBake1.g17595.t1	 0.0383
nxHelBake1.g12186.t1	 0.0456
nxHelBake1.g3998.t1	 0.0741
nxHelBake1.g10069.t3	 0.0679
nxHelBake1.g6435.t1	 0.0078
nxHelBake1.g11562.t1	 0.0217
nxHelBake1.g10667.t1	 0.1043
nxHelBake1.g16070.t1	 0.0399
nxHelBake1.g16400.t2	 0.0075
nxHelBake1.g2950.t1	 0.0574
nxHelBake1.g1966.t1	 0.0358
nxHelBake1.g6771.t2	 0.1417
nxHelBake1.g8053.t1	 0.0000
nxHelBake1.g14041.t3	 0.0357
nxHelBake1.g7989.t1	 0.0292
nxHelBake1.g11236.t1	 0.0275
nxHelBake1.g15757.t1	 0.1058
nxHelBake1.g7514.t1	 0.0881
nxHelBake1.g18544.t1	 0.1191
nxHelBake1.g1604.t3	 0.0295
nxHelBake1.g10115.t1	 0.0983
nxHelBake1.g17657.t1	 0.0189
nxHelBake1.g11934.t1	 0.0431
nxHelBake1.g9666.t1	 0.0642
nxHelBake1.g10756.t1	 0.0777
nxHelBake1.g6174.t1	 0.0340
nxHelBake1.g1789.t1	 0.0563
nxHelBake1.g17580.t2	 0.0371
nxHelBake1.g2094.t1	 0.1029
nxHelBake1.g884.t1	 0.0419
nxHelBake1.g16161.t1	 0.1196
nxHelBake1.g2520.t1	 0.1344
nxHelBake1.g11481.t1	 0.0836
nxHelBake1.g18381.t1	 0.0498
nxHelBake1.g14915.t1	 0.0349
nxHelBake1.g4435.t1	 0.0328
nxHelBake1.g4519.t1	 0.0304
nxHelBake1.g10577.t1	 0.0491
nxHelBake1.g12044.t1	 0.0383
nxHelBake1.g11784.t1	 0.0214
nxHelBake1.g7558.t2	 0.0561
nxHelBake1.g17979.t1	 0.1067
nxHelBake1.g6921.t3	 0.1036
nxHelBake1.g6089.t2	 0.0858
nxHelBake1.g10218.t1	 0.0955
nxHelBake1.g17018.t2	 0.1004
nxHelBake1.g13226.t1	 0.0276
nxHelBake1.g4093.t2	 0.0164
nxHelBake1.g15736.t1	 0.1466
nxHelBake1.g13060.t4	 0.0561
nxHelBake1.g748.t1	 0.0533
nxHelBake1.g2705.t1	 0.0811
nxHelBake1.g10954.t2	 0.1347
nxHelBake1.g6654.t2	 0.0940
nxHelBake1.g17710.t1	 8.5973
nxHelBake1.g16778.t3	 0.1515
nxHelBake1.g17905.t2	 0.0556
nxHelBake1.g16151.t1	 0.1315
nxHelBake1.g15545.t1	 0.0579
nxHelBake1.g12895.t1	 0.1136
nxHelBake1.g12473.t1	 0.1108
nxHelBake1.g198.t1	 0.1213
nxHelBake1.g5798.t1	 0.0664
nxHelBake1.g7346.t1	 0.0490
nxHelBake1.g7897.t1	 0.0951
nxHelBake1.g2642.t1	 0.0781
nxHelBake1.g5014.t2	 0.0198
nxHelBake1.g10235.t4	 0.2128
nxHelBake1.g5316.t1	 0.0466
nxHelBake1.g1262.t1	 0.0515
nxHelBake1.g4915.t2	 0.0267
nxHelBake1.g7697.t1	 0.0268
nxHelBake1.g6343.t1	 0.1867
nxHelBake1.g8250.t2	 0.0471
nxHelBake1.g16449.t2	 0.0960
nxHelBake1.g8231.t1	 0.0153
nxHelBake1.g12868.t2	 0.0242
nxHelBake1.g18626.t2	 0.1126
nxHelBake1.g9995.t1	 0.0564
nxHelBake1.g17195.t1	 0.1451
nxHelBake1.g6503.t1	 0.1022
nxHelBake1.g5661.t1	 0.0670
nxHelBake1.g3566.t1	 0.1019
nxHelBake1.g11324.t1	 0.0442
nxHelBake1.g5658.t1	 0.0499
nxHelBake1.g1275.t1	 0.0377
nxHelBake1.g13005.t1	 0.1183
nxHelBake1.g11991.t1	 0.0297
nxHelBake1.g17661.t1	 0.0179
nxHelBake1.g8340.t1	 0.0150
nxHelBake1.g16597.t1	 0.0413
nxHelBake1.g6003.t1	 0.1510
nxHelBake1.g3216.t1	 0.0414
nxHelBake1.g3097.t1	 0.0835
nxHelBake1.g12950.t1	 0.0857
nxHelBake1.g16849.t2	 0.1211
nxHelBake1.g9383.t1	 0.0181
nxHelBake1.g1633.t2	 0.0102
nxHelBake1.g1808.t2	 0.0346
nxHelBake1.g5520.t2	 0.1011
nxHelBake1.g13040.t1	 0.0911
nxHelBake1.g300.t1	 0.1446
nxHelBake1.g17215.t1	 0.0310
nxHelBake1.g13797.t1	 0.0478
nxHelBake1.g12356.t1	 0.0873
nxHelBake1.g9896.t1	 0.0328
nxHelBake1.g17409.t2	 0.0400
nxHelBake1.g1895.t1	 0.0102
nxHelBake1.g8620.t1	 0.0585
nxHelBake1.g255.t4	 0.1122
nxHelBake1.g3527.t1	 0.1170
nxHelBake1.g17158.t1	 0.0139
nxHelBake1.g12871.t1	 0.0055
nxHelBake1.g15279.t1	 0.0522
nxHelBake1.g17165.t4	 0.0061
nxHelBake1.g5761.t2	 0.0603
nxHelBake1.g11325.t1	 0.0315
nxHelBake1.g10053.t1	 0.1205
nxHelBake1.g4441.t1	 0.0902
nxHelBake1.g17227.t1	 0.0152
nxHelBake1.g17333.t1	 0.0233
nxHelBake1.g14802.t2	 0.0079
nxHelBake1.g11273.t1	28.8427
nxHelBake1.g1289.t1	 0.0095
nxHelBake1.g18036.t1	 0.0376
nxHelBake1.g628.t1	 0.0415
nxHelBake1.g15746.t1	 0.0856
nxHelBake1.g18306.t1	 0.0524
nxHelBake1.g2035.t1	 0.0340
nxHelBake1.g9322.t1	 0.0664
nxHelBake1.g4820.t1	 0.0455
nxHelBake1.g2232.t1	 0.0382
nxHelBake1.g8458.t1	 0.0214
nxHelBake1.g7165.t1	 0.0628
nxHelBake1.g16966.t1	 0.0159
nxHelBake1.g16643.t1	 0.0216
nxHelBake1.g13950.t2	 0.0344
nxHelBake1.g13318.t1	 0.0885
nxHelBake1.g16153.t5	 0.0380
nxHelBake1.g14033.t2	 0.0143
nxHelBake1.g10664.t1	 0.0680
nxHelBake1.g3801.t1	 0.0990
nxHelBake1.g8537.t1	 0.0757
nxHelBake1.g15934.t1	 0.1132
nxHelBake1.g3535.t2	 0.0775
nxHelBake1.g13296.t1	 0.0278
nxHelBake1.g5283.t1	 0.0340
nxHelBake1.g12010.t1	 0.0783
nxHelBake1.g16375.t1	 0.0375
nxHelBake1.g13998.t1	 0.0240
nxHelBake1.g17492.t1	 0.0084
nxHelBake1.g16619.t3	 0.0654
nxHelBake1.g2110.t1	 0.0325
nxHelBake1.g12854.t1	 0.0699
nxHelBake1.g18539.t1	 0.0624
nxHelBake1.g12190.t1	 0.0695
nxHelBake1.g16591.t2	 0.0644
nxHelBake1.g7827.t1	 0.0310
nxHelBake1.g17706.t3	 0.0769
nxHelBake1.g10566.t1	 0.0610
nxHelBake1.g9983.t2	 0.1360
nxHelBake1.g13359.t1	 0.0410
nxHelBake1.g4381.t1	 0.0395
nxHelBake1.g3881.t1	 0.1559
nxHelBake1.g8061.t5	 0.1487
nxHelBake1.g18110.t1	 0.0692
nxHelBake1.g18273.t1	 0.0578
nxHelBake1.g10876.t1	 0.0684
nxHelBake1.g4946.t1	 0.0220
nxHelBake1.g12016.t1	 0.0667
nxHelBake1.g9140.t1	 0.0753
nxHelBake1.g11645.t1	 0.0578
nxHelBake1.g14581.t2	 0.0245
nxHelBake1.g1071.t1	 0.0271
nxHelBake1.g247.t1	 0.1179
nxHelBake1.g16923.t1	 0.0677
nxHelBake1.g8271.t1	 0.0257
nxHelBake1.g17263.t1	 0.0413
nxHelBake1.g9964.t1	 0.1376
nxHelBake1.g18393.t1	 0.1092
nxHelBake1.g12824.t1	 0.0449
nxHelBake1.g9927.t1	 0.0592
nxHelBake1.g6620.t1	 0.1540
nxHelBake1.g3226.t1	 0.1199
nxHelBake1.g5140.t1	 0.0854
nxHelBake1.g10382.t1	 0.1222
nxHelBake1.g10225.t1	 0.1207
nxHelBake1.g10137.t1	 0.0095
nxHelBake1.g11566.t1	 0.0092
nxHelBake1.g18875.t1	 0.0648
nxHelBake1.g15053.t1	 0.0306
nxHelBake1.g4249.t1	 0.0434
nxHelBake1.g18308.t3	 0.0913
nxHelBake1.g11897.t1	 0.0584
nxHelBake1.g8243.t1	 0.0270
nxHelBake1.g9970.t2	 0.0965
nxHelBake1.g15660.t1	 0.1128
nxHelBake1.g11317.t1	 0.0600
nxHelBake1.g15961.t1	 0.0892
nxHelBake1.g17108.t2	 0.0493
nxHelBake1.g17149.t1	 0.0406
nxHelBake1.g9493.t1	 0.0744
nxHelBake1.g14526.t1	 0.0308
nxHelBake1.g9816.t1	 0.1737
nxHelBake1.g8170.t1	 0.0358
nxHelBake1.g552.t2	 0.0301
nxHelBake1.g15886.t1	 0.0653
nxHelBake1.g14665.t5	 0.0276
nxHelBake1.g11512.t1	 0.0195
nxHelBake1.g10309.t1	 0.0894
nxHelBake1.g1681.t1	 0.0093
nxHelBake1.g15676.t1	 0.0875
nxHelBake1.g13833.t1	 0.0437
nxHelBake1.g1897.t1	 0.0211
nxHelBake1.g18011.t10	 0.0606
nxHelBake1.g1232.t1	 0.0120
nxHelBake1.g16687.t2	 0.0268
nxHelBake1.g8843.t1	 0.1389
nxHelBake1.g12646.t1	 0.0742
nxHelBake1.g1767.t1	 0.0169
nxHelBake1.g17995.t1	 0.0604
nxHelBake1.g9550.t1	 0.0772
nxHelBake1.g1799.t1	 0.0158
nxHelBake1.g730.t1	 0.0715
nxHelBake1.g13102.t1	 0.0464
nxHelBake1.g5866.t1	 0.0884
nxHelBake1.g7494.t1	 0.0583
nxHelBake1.g16990.t3	 0.0309
nxHelBake1.g2079.t1	 0.0498
nxHelBake1.g11738.t1	 0.0573
nxHelBake1.g9570.t1	 0.0954
nxHelBake1.g12496.t1	 0.0450
nxHelBake1.g15786.t1	 0.0692
nxHelBake1.g1469.t2	 0.0251
nxHelBake1.g3462.t1	 0.1010
nxHelBake1.g15138.t1	 0.0646
nxHelBake1.g7619.t1	 0.0252
nxHelBake1.g6173.t1	 0.0662
nxHelBake1.g4832.t1	 0.0335
nxHelBake1.g327.t1	 0.0962
nxHelBake1.g16118.t1	 0.1146
nxHelBake1.g12517.t2	 0.0489
nxHelBake1.g12249.t1	 0.0501
nxHelBake1.g9560.t1	 0.1007
nxHelBake1.g3989.t1	 0.0672
nxHelBake1.g17976.t1	 0.0431
nxHelBake1.g15024.t1	 0.0484
nxHelBake1.g16862.t1	 0.1002
nxHelBake1.g5512.t1	 0.0905
nxHelBake1.g11219.t1	 0.0315
nxHelBake1.g11887.t2	 0.0426
nxHelBake1.g9912.t1	 0.1314
nxHelBake1.g9169.t1	 0.1291
nxHelBake1.g11888.t1	 0.0322
nxHelBake1.g15048.t1	 0.0375
nxHelBake1.g3423.t1	 0.0925
nxHelBake1.g15159.t1	 0.0252
nxHelBake1.g12992.t1	 0.1179
nxHelBake1.g10988.t1	 0.0505
nxHelBake1.g11457.t3	 0.0395
nxHelBake1.g18422.t1	 0.0857
nxHelBake1.g17925.t2	 0.0481
nxHelBake1.g3177.t1	 0.0878
nxHelBake1.g9902.t1	 0.0929
nxHelBake1.g10394.t1	 0.0771
nxHelBake1.g10815.t1	 0.0568
nxHelBake1.g13661.t1	 0.0502
nxHelBake1.g11307.t1	 0.0441
nxHelBake1.g9959.t1	 0.2074
nxHelBake1.g11066.t1	 0.0396
nxHelBake1.g384.t1	 0.1157
nxHelBake1.g1444.t1	 0.0379
nxHelBake1.g11848.t1	 0.0246
nxHelBake1.g11139.t1	 0.0304
nxHelBake1.g200.t1	 0.1094
nxHelBake1.g10201.t1	 0.1811
nxHelBake1.g15724.t1	 0.1531
nxHelBake1.g4865.t2	 0.0498
nxHelBake1.g13301.t1	 0.0877
nxHelBake1.g15071.t1	 0.0464
nxHelBake1.g19089.t1	 0.0259
nxHelBake1.g15730.t1	 0.1859
nxHelBake1.g12836.t1	 0.0569
nxHelBake1.g10287.t1	 0.0526
nxHelBake1.g16266.t1	 0.0970
nxHelBake1.g13261.t1	 0.0985
nxHelBake1.g2055.t1	 0.0275
nxHelBake1.g11144.t2	 0.0286
nxHelBake1.g11480.t1	 0.0508
nxHelBake1.g237.t1	 0.0860
nxHelBake1.g17787.t1	 0.0356
nxHelBake1.g7452.t1	 0.0559
nxHelBake1.g6890.t1	 0.1080
nxHelBake1.g13077.t1	 0.1158
nxHelBake1.g12324.t1	 0.0629
nxHelBake1.g5855.t1	 0.1035
nxHelBake1.g7851.t1	 0.0525
nxHelBake1.g3236.t1	 0.0996
nxHelBake1.g12289.t1	 0.0194
nxHelBake1.g16720.t1	 0.0433
nxHelBake1.g14005.t2	 0.0394
nxHelBake1.g3707.t1	 0.1253
nxHelBake1.g14768.t1	 0.0292
nxHelBake1.g14763.t1	 0.0858
nxHelBake1.g2746.t1	 0.1516
nxHelBake1.g5431.t1	 0.0440
nxHelBake1.g9856.t1	 0.1224
nxHelBake1.g15942.t1	 0.0923
nxHelBake1.g15328.t1	 0.0874
nxHelBake1.g17998.t1	 0.0438
nxHelBake1.g2175.t1	 0.0678
nxHelBake1.g16547.t1	 0.0395
nxHelBake1.g5715.t1	 0.0340
nxHelBake1.g18502.t1	 0.0128
nxHelBake1.g6287.t1	 0.1148
nxHelBake1.g16592.t2	 0.0453
nxHelBake1.g12942.t1	 0.1125
nxHelBake1.g18860.t2	 0.0581
nxHelBake1.g2074.t1	 0.0336
nxHelBake1.g18114.t1	 0.0715
nxHelBake1.g15143.t1	 0.0475
nxHelBake1.g1800.t1	 0.0170
nxHelBake1.g11664.t1	 0.0458
nxHelBake1.g7590.t3	 0.0663
nxHelBake1.g18177.t3	 0.0584
nxHelBake1.g11536.t1	 0.0293
nxHelBake1.g2710.t2	 0.0767
nxHelBake1.g11904.t2	 0.0283
nxHelBake1.g6897.t1	 0.1159
nxHelBake1.g8881.t2	 0.0694
nxHelBake1.g6600.t1	 0.0406
nxHelBake1.g12045.t1	 0.0475
nxHelBake1.g13017.t1	 0.0622
nxHelBake1.g3893.t3	 0.0886
nxHelBake1.g6449.t1	 0.0518
nxHelBake1.g7610.t1	 0.1050
nxHelBake1.g8165.t1	 0.0103
nxHelBake1.g12203.t1	 0.0375
nxHelBake1.g4701.t1	 0.0324
nxHelBake1.g18594.t1	 0.1007
nxHelBake1.g10720.t1	 0.0779
nxHelBake1.g11862.t1	 0.0717
nxHelBake1.g17245.t1	 0.0288
nxHelBake1.g11825.t1	 0.0331
nxHelBake1.g2086.t1	 0.0581
nxHelBake1.g8686.t1	 0.0706
nxHelBake1.g5984.t1	 0.1840
nxHelBake1.g14894.t1	 0.0194
nxHelBake1.g1223.t1	 0.0196
nxHelBake1.g13542.t1	 0.0516
nxHelBake1.g16866.t1	 0.0407
nxHelBake1.g11483.t1	 0.0420
nxHelBake1.g12773.t1	 0.0802
nxHelBake1.g13006.t1	 0.1620
nxHelBake1.g12418.t1	 0.1127
nxHelBake1.g5294.t1	 0.0623
nxHelBake1.g732.t1	 0.0439
nxHelBake1.g1984.t1	 0.0251
nxHelBake1.g1682.t1	 0.0137
nxHelBake1.g16125.t1	 0.0343
nxHelBake1.g4321.t1	 0.1151
nxHelBake1.g1578.t5	 0.0382
nxHelBake1.g16612.t1	 0.1738
nxHelBake1.g1365.t4	 0.0325
nxHelBake1.g13894.t1	 0.0559
nxHelBake1.g1731.t1	 0.0252
nxHelBake1.g12062.t1	 0.0219
nxHelBake1.g7727.t2	 0.0349
nxHelBake1.g10435.t1	 0.0876
nxHelBake1.g9667.t1	 0.0770
nxHelBake1.g6097.t1	 0.1027
nxHelBake1.g18185.t1	 0.1043
nxHelBake1.g3344.t1	 0.0603
nxHelBake1.g8021.t2	 0.0328
nxHelBake1.g7578.t1	 0.0611
nxHelBake1.g9765.t1	 0.1678
nxHelBake1.g5616.t1	 0.0565
nxHelBake1.g12055.t1	 0.0452
nxHelBake1.g4722.t1	 0.0705
nxHelBake1.g14068.t1	 0.0500
nxHelBake1.g2679.t1	 0.1050
nxHelBake1.g7221.t4	 0.1698
nxHelBake1.g17997.t1	 0.0669
nxHelBake1.g8614.t2	 0.0855
nxHelBake1.g1276.t2	 0.0250
nxHelBake1.g5408.t2	 0.0358
nxHelBake1.g5446.t1	 0.0320
nxHelBake1.g2717.t1	 0.0208
nxHelBake1.g12827.t2	 0.1277
nxHelBake1.g11090.t1	 0.0362
nxHelBake1.g12917.t1	 0.0818
nxHelBake1.g15767.t1	 0.1373
nxHelBake1.g1208.t1	 0.0331
nxHelBake1.g13729.t1	 0.0160
nxHelBake1.g10631.t1	 0.0927
nxHelBake1.g18263.t1	 0.1146
nxHelBake1.g856.t1	 0.1188
nxHelBake1.g8791.t1	 0.0415
nxHelBake1.g18833.t1	 0.0988
nxHelBake1.g17890.t1	 0.0350
nxHelBake1.g12475.t1	 0.0615
nxHelBake1.g15962.t4	 0.1112
nxHelBake1.g4809.t2	 0.0296
nxHelBake1.g16782.t2	 0.0475
nxHelBake1.g13148.t5	 0.0953
nxHelBake1.g16752.t1	 0.0068
nxHelBake1.g6375.t1	 0.0732
nxHelBake1.g9955.t1	 0.1096
nxHelBake1.g12599.t1	 0.0616
nxHelBake1.g3930.t2	 0.0769
nxHelBake1.g7473.t2	 0.0416
nxHelBake1.g10510.t1	 0.0581
nxHelBake1.g18500.t1	 0.0536
nxHelBake1.g18109.t1	 0.0339
nxHelBake1.g16655.t6	 0.0315
nxHelBake1.g6260.t2	 0.1211
nxHelBake1.g3873.t1	 0.1063
nxHelBake1.g18238.t1	 0.0707
nxHelBake1.g6198.t1	 0.1177
nxHelBake1.g17551.t1	 0.0295
nxHelBake1.g1669.t1	 0.0170
nxHelBake1.g16922.t1	 0.0115
nxHelBake1.g7216.t4	 0.0775
nxHelBake1.g12025.t4	 0.0548
nxHelBake1.g6361.t1	 0.1269
nxHelBake1.g2136.t2	 0.0498
nxHelBake1.g15656.t1	 0.0580
nxHelBake1.g17408.t1	 0.0325
nxHelBake1.g13099.t1	 0.0518
nxHelBake1.g18566.t1	 0.0124
nxHelBake1.g18873.t1	 0.1050
nxHelBake1.g9025.t1	 0.1357
nxHelBake1.g7395.t1	 0.0590
nxHelBake1.g18061.t1	 0.0716
nxHelBake1.g612.t1	 0.1076
nxHelBake1.g11051.t1	 0.1273
nxHelBake1.g7505.t1	 0.1012
nxHelBake1.g9203.t1	 0.1247
nxHelBake1.g11976.t1	 0.0298
nxHelBake1.g12958.t2	 0.1325
nxHelBake1.g4958.t1	 0.0174
nxHelBake1.g7145.t1	 0.0651
nxHelBake1.g16436.t1	 0.0648
nxHelBake1.g9519.t1	 0.1508
nxHelBake1.g13375.t1	 0.0654
nxHelBake1.g9501.t1	 0.1347
nxHelBake1.g9903.t1	 0.1450
nxHelBake1.g18816.t1	 0.0992
nxHelBake1.g10331.t3	 0.1158
nxHelBake1.g11046.t1	 0.0693
nxHelBake1.g7127.t1	 0.0901
nxHelBake1.g7996.t1	 0.0662
nxHelBake1.g277.t2	 0.1694
nxHelBake1.g4384.t1	 0.0463
nxHelBake1.g18316.t1	 0.1075
nxHelBake1.g3193.t1	 0.0782
nxHelBake1.g9009.t1	 0.0690
nxHelBake1.g6108.t1	 0.1755
nxHelBake1.g10984.t1	 0.0219
nxHelBake1.g392.t1	 0.0938
nxHelBake1.g16979.t2	 0.0791
nxHelBake1.g9682.t1	 0.0074
nxHelBake1.g703.t1	 0.0514
nxHelBake1.g11314.t1	 0.0130
nxHelBake1.g10386.t1	 0.0559
nxHelBake1.g13104.t1	 0.0745
nxHelBake1.g11402.t1	 0.0125
nxHelBake1.g4717.t1	 0.0142
nxHelBake1.g4939.t1	 0.0454
nxHelBake1.g4187.t1	 0.0534
nxHelBake1.g17022.t1	 0.0291
nxHelBake1.g9517.t1	 0.0950
nxHelBake1.g11497.t1	 0.0216
nxHelBake1.g10314.t1	 0.1293
nxHelBake1.g4765.t1	 0.0320
nxHelBake1.g15203.t3	 0.0435
nxHelBake1.g14784.t4	 0.0216
nxHelBake1.g11580.t1	 0.0311
nxHelBake1.g9792.t1	 0.0880
nxHelBake1.g16235.t2	 0.0827
nxHelBake1.g12845.t1	 0.1454
nxHelBake1.g5935.t1	 0.0689
nxHelBake1.g18568.t1	 0.0912
nxHelBake1.g64.t3	 0.0941
nxHelBake1.g16718.t1	 0.0302
nxHelBake1.g18035.t1	 0.0235
nxHelBake1.g2537.t1	 0.0492
nxHelBake1.g13379.t1	 0.0714
nxHelBake1.g11367.t1	 0.0287
nxHelBake1.g8816.t1	 0.0630
nxHelBake1.g10310.t1	 0.1190
nxHelBake1.g9718.t1	 0.0453
nxHelBake1.g5974.t2	 0.0565
nxHelBake1.g3663.t1	 0.1194
nxHelBake1.g15196.t1	 0.0341
nxHelBake1.g1983.t1	 0.0490
nxHelBake1.g13.t1	 0.0272
nxHelBake1.g7112.t1	 0.0776
nxHelBake1.g10455.t1	 0.0880
nxHelBake1.g14974.t1	 0.0565
nxHelBake1.g253.t1	 0.0924
nxHelBake1.g1505.t1	 0.0764
nxHelBake1.g7243.t1	 0.0515
nxHelBake1.g10804.t1	 0.0730
nxHelBake1.g10766.t1	 0.1198
nxHelBake1.g16437.t1	 0.0891
nxHelBake1.g13374.t3	 0.1351
nxHelBake1.g17404.t1	 0.0204
nxHelBake1.g142.t1	 0.0503
nxHelBake1.g2030.t2	 0.0298
nxHelBake1.g11513.t1	 0.0300
nxHelBake1.g4195.t1	 0.0807
nxHelBake1.g17122.t1	 0.0323
nxHelBake1.g13880.t1	 0.0242
nxHelBake1.g648.t1	 0.0484
nxHelBake1.g1457.t1	 0.0104
nxHelBake1.g1629.t1	 0.0260
nxHelBake1.g5474.t3	 0.0364
nxHelBake1.g7332.t1	 0.0934
nxHelBake1.g11771.t1	 0.0654
nxHelBake1.g11558.t1	 0.0253
nxHelBake1.g15248.t2	 0.0373
nxHelBake1.g17788.t1	 0.0357
nxHelBake1.g15151.t2	 0.0730
nxHelBake1.g12333.t1	 0.0740
nxHelBake1.g6926.t1	 0.0305
nxHelBake1.g15116.t3	 0.0663
nxHelBake1.g16973.t1	 0.0199
nxHelBake1.g1564.t1	 0.0259
nxHelBake1.g11935.t1	 0.0426
nxHelBake1.g12047.t1	 0.0791
nxHelBake1.g12108.t1	 0.0604
nxHelBake1.g3206.t1	 0.1878
nxHelBake1.g13783.t8	 0.0662
nxHelBake1.g1736.t1	 0.0197
nxHelBake1.g12511.t1	 0.0878
nxHelBake1.g15049.t1	 0.0606
nxHelBake1.g6400.t1	 0.1302
nxHelBake1.g12357.t1	 0.1053
nxHelBake1.g13155.t1	 0.0734
nxHelBake1.g18599.t2	 0.0477
nxHelBake1.g11652.t3	 0.0086
nxHelBake1.g225.t1	 0.0467
nxHelBake1.g6050.t1	 0.1185
nxHelBake1.g11685.t12	 0.0245
nxHelBake1.g5450.t1	 0.0966
nxHelBake1.g3933.t1	 0.1097
nxHelBake1.g16968.t1	 0.0358
nxHelBake1.g238.t2	 0.0610
nxHelBake1.g1354.t1	 0.0434
nxHelBake1.g10055.t1	 0.0722
nxHelBake1.g10569.t1	 0.1471
nxHelBake1.g6268.t1	 0.2517
nxHelBake1.g8326.t1	 0.0141
nxHelBake1.g15003.t1	 0.0514
nxHelBake1.g12551.t1	 0.0938
nxHelBake1.g666.t1	 0.0586
nxHelBake1.g1849.t1	 0.0617
nxHelBake1.g1704.t3	 0.0561
nxHelBake1.g15725.t1	 0.2015
nxHelBake1.g16632.t2	 0.0394
nxHelBake1.g9827.t1	 0.0582
nxHelBake1.g7138.t1	 0.1364
nxHelBake1.g18634.t1	 0.0787
nxHelBake1.g18116.t3	 0.0300
nxHelBake1.g17178.t2	 0.0321
nxHelBake1.g15451.t1	 0.0537
nxHelBake1.g16998.t2	 0.0519
nxHelBake1.g11493.t1	 0.0218
nxHelBake1.g12910.t1	 0.0728
nxHelBake1.g216.t1	 0.1150
nxHelBake1.g5108.t1	 0.0256
nxHelBake1.g16645.t1	 0.0526
nxHelBake1.g5209.t2	 0.0949
nxHelBake1.g12270.t1	 0.0867
nxHelBake1.g2929.t1	 0.0702
nxHelBake1.g3161.t1	 0.1635
nxHelBake1.g13754.t3	 0.0304
nxHelBake1.g7979.t1	 0.0256
nxHelBake1.g16303.t1	 0.0599
nxHelBake1.g11075.t1	 0.0776
nxHelBake1.g11458.t1	 0.0288
nxHelBake1.g12306.t1	 0.1308
nxHelBake1.g16029.t4	 0.0533
nxHelBake1.g11599.t1	 0.0053
nxHelBake1.g1888.t1	 0.0271
nxHelBake1.g17032.t1	 0.0192
nxHelBake1.g8837.t2	 0.0735
nxHelBake1.g18375.t1	 0.1606
nxHelBake1.g9931.t2	 0.0517
nxHelBake1.g1347.t1	 0.0298
nxHelBake1.g18886.t1	 0.0335
nxHelBake1.g11091.t1	 0.0481
nxHelBake1.g14760.t1	 0.0377
nxHelBake1.g15299.t1	 0.0571
nxHelBake1.g1408.t1	 0.0136
nxHelBake1.g13555.t1	 0.0703
nxHelBake1.g17132.t1	 0.0619
nxHelBake1.g9916.t1	 0.0169
nxHelBake1.g3842.t1	 0.1002
nxHelBake1.g16949.t1	 0.0821
nxHelBake1.g7076.t1	 0.0887
nxHelBake1.g7244.t1	 0.0966
nxHelBake1.g11320.t1	 0.0074
nxHelBake1.g2930.t1	 0.0871
nxHelBake1.g17467.t1	 0.0291
nxHelBake1.g19012.t1	 0.0974
nxHelBake1.g7496.t1	 0.0712
nxHelBake1.g1245.t1	 0.0294
nxHelBake1.g11490.t2	 0.0578
nxHelBake1.g17516.t1	 0.0524
nxHelBake1.g5028.t1	 0.0224
nxHelBake1.g4491.t2	 0.0381
nxHelBake1.g1189.t4	 0.0110
nxHelBake1.g12276.t1	 0.0407
nxHelBake1.g17087.t1	 0.0377
nxHelBake1.g10419.t1	 0.0928
nxHelBake1.g18082.t1	 0.1188
nxHelBake1.g781.t1	 0.0737
nxHelBake1.g103.t1	 0.0525
nxHelBake1.g11892.t2	 0.0541
nxHelBake1.g779.t1	 0.0790
nxHelBake1.g11561.t1	 0.0339
nxHelBake1.g5116.t1	 0.0248
nxHelBake1.g12994.t1	 0.1235
nxHelBake1.g17501.t1	 0.0323
nxHelBake1.g8882.t1	 0.0306
nxHelBake1.g5696.t1	 0.0676
nxHelBake1.g3345.t1	 0.0790
nxHelBake1.g3433.t1	 0.0553
nxHelBake1.g18721.t1	 0.0598
nxHelBake1.g10520.t1	 0.0778
nxHelBake1.g5353.t1	 0.0538
nxHelBake1.g14000.t1	 0.0344
nxHelBake1.g15933.t1	 0.0582
nxHelBake1.g3520.t1	 0.0862
nxHelBake1.g7113.t1	 0.0874
nxHelBake1.g1286.t1	 0.0265
nxHelBake1.g15631.t1	 0.0985
nxHelBake1.g12523.t1	 0.0488
nxHelBake1.g10325.t1	 0.0975
nxHelBake1.g2096.t1	 0.0997
nxHelBake1.g4573.t1	 0.0000
nxHelBake1.g6701.t1	 0.0973
nxHelBake1.g3176.t1	 0.1285
nxHelBake1.g9918.t1	 0.0856
nxHelBake1.g11543.t1	 0.0228
nxHelBake1.g10808.t2	 0.0444
nxHelBake1.g6256.t1	 0.2107
nxHelBake1.g7778.t4	 0.0298
nxHelBake1.g9709.t1	 0.1244
nxHelBake1.g3662.t1	 0.0186
nxHelBake1.g10794.t1	 0.0587
nxHelBake1.g9167.t1	 0.0330
nxHelBake1.g3411.t1	 0.1204
nxHelBake1.g18157.t1	 0.0457
nxHelBake1.g5601.t1	 0.0648
nxHelBake1.g15131.t1	 0.0562
nxHelBake1.g9516.t1	 0.1441
nxHelBake1.g4227.t1	 0.1120
nxHelBake1.g4047.t2	 0.0791
nxHelBake1.g8376.t1	 0.0226
nxHelBake1.g18586.t1	 0.0485
nxHelBake1.g10516.t7	 0.0997
nxHelBake1.g11067.t1	 0.0438
nxHelBake1.g13844.t1	 0.1296
nxHelBake1.g3091.t1	 0.1256
nxHelBake1.g10980.t1	 0.0656
nxHelBake1.g2908.t3	 0.0706
nxHelBake1.g16003.t1	 0.0859
nxHelBake1.g2160.t3	 0.0267
nxHelBake1.g16728.t2	 0.0606
nxHelBake1.g13118.t1	 0.0633
nxHelBake1.g18215.t3	 0.0948
nxHelBake1.g1680.t1	 0.0311
nxHelBake1.g9905.t1	 0.0479
nxHelBake1.g11145.t1	 0.0271
nxHelBake1.g15425.t1	 0.0919
nxHelBake1.g8901.t1	 0.0549
nxHelBake1.g17754.t1	 0.0849
nxHelBake1.g14803.t1	 0.0521
nxHelBake1.g1542.t1	 0.0489
nxHelBake1.g10227.t2	 0.0325
nxHelBake1.g10636.t1	 0.0232
nxHelBake1.g18150.t1	 0.0960
nxHelBake1.g12336.t1	60.1460
nxHelBake1.g12450.t1	 0.0818
nxHelBake1.g16673.t1	 0.0792
nxHelBake1.g14956.t1	 0.0372
nxHelBake1.g1341.t1	 0.0402
nxHelBake1.g7486.t1	 0.0561
nxHelBake1.g18300.t1	 0.0551
nxHelBake1.g15309.t1	 0.0560
nxHelBake1.g4469.t7	 0.0690
nxHelBake1.g4379.t1	 0.0674
nxHelBake1.g11565.t3	 0.0339
nxHelBake1.g11978.t2	 0.0379
nxHelBake1.g4001.t1	 0.1430
nxHelBake1.g11218.t1	 0.0198
nxHelBake1.g9578.t1	 0.1007
nxHelBake1.g3146.t1	 0.0941
nxHelBake1.g7681.t2	 0.0426
nxHelBake1.g2756.t2	 0.1723
nxHelBake1.g3214.t1	 0.1583
nxHelBake1.g4057.t1	 0.0476
nxHelBake1.g16860.t1	 0.0442
nxHelBake1.g6655.t1	 0.0848
nxHelBake1.g10295.t1	 0.1143
nxHelBake1.g18012.t2	 0.1132
nxHelBake1.g18288.t1	 0.0959
nxHelBake1.g13997.t1	 0.0361
nxHelBake1.g11199.t1	 0.0455
nxHelBake1.g18003.t1	 0.0603
nxHelBake1.g11327.t1	 0.0403
nxHelBake1.g1918.t1	 0.0295
nxHelBake1.g3838.t1	 0.1375
nxHelBake1.g17174.t1	 0.0417
nxHelBake1.g16195.t2	 0.0294
nxHelBake1.g10143.t2	 0.1350
nxHelBake1.g7003.t1	 0.0949
nxHelBake1.g4011.t1	 0.0415
nxHelBake1.g9174.t1	 0.1039
nxHelBake1.g17208.t1	 0.0192
nxHelBake1.g4947.t2	 0.0138
nxHelBake1.g12834.t1	 0.0553
nxHelBake1.g16581.t1	 0.0592
nxHelBake1.g7495.t1	 0.0827
nxHelBake1.g10122.t1	 0.0814
nxHelBake1.g12282.t1	 0.0565
nxHelBake1.g3526.t1	 0.0626
nxHelBake1.g10326.t1	 0.1837
nxHelBake1.g1251.t1	 0.0372
nxHelBake1.g381.t1	 0.0966
nxHelBake1.g16952.t1	 0.0314
nxHelBake1.g12237.t4	 0.0811
nxHelBake1.g11653.t1	 0.0086
nxHelBake1.g1513.t1	 0.0226
nxHelBake1.g18670.t1	 0.1130
nxHelBake1.g3890.t1	 0.0478
nxHelBake1.g11296.t1	 0.0248
nxHelBake1.g15403.t1	 0.0278
nxHelBake1.g10601.t2	 0.0454
nxHelBake1.g4464.t1	 0.0349
nxHelBake1.g8982.t1	 0.0679
nxHelBake1.g13741.t1	 0.0261
nxHelBake1.g8185.t1	 0.0437
nxHelBake1.g2220.t1	 0.0703
nxHelBake1.g11962.t2	 0.0655
nxHelBake1.g5384.t1	 0.0676
nxHelBake1.g147.t2	 0.0680
nxHelBake1.g4528.t1	 0.0235
nxHelBake1.g7087.t1	 0.0739
nxHelBake1.g8213.t1	 0.0365
nxHelBake1.g17579.t1	 0.0261
nxHelBake1.g3987.t1	 0.1795
nxHelBake1.g4429.t1	 0.0406
nxHelBake1.g7873.t1	 0.0470
nxHelBake1.g8632.t2	 0.0465
nxHelBake1.g11966.t6	 0.0312
nxHelBake1.g8222.t1	 0.0688
nxHelBake1.g409.t1	 0.1059
nxHelBake1.g2069.t1	 0.0198
nxHelBake1.g2140.t2	 0.0690
nxHelBake1.g17342.t3	 0.0282
nxHelBake1.g1198.t1	 0.0202
nxHelBake1.g5625.t1	 0.0547
nxHelBake1.g5196.t1	 0.0142
nxHelBake1.g3105.t1	 0.0812
nxHelBake1.g14852.t1	 0.0493
nxHelBake1.g1029.t1	 0.0382
nxHelBake1.g16743.t2	 0.0592
nxHelBake1.g12621.t1	 0.1079
nxHelBake1.g7445.t1	 0.0622
nxHelBake1.g8348.t1	 0.0179
nxHelBake1.g15931.t2	 0.1307
nxHelBake1.g15404.t1	 0.0568
nxHelBake1.g14826.t1	 0.0724
nxHelBake1.g13260.t1	 0.0561
nxHelBake1.g729.t1	 0.0807
nxHelBake1.g12786.t2	 0.0770
nxHelBake1.g5598.t1	 0.2607
nxHelBake1.g2218.t1	 0.0770
nxHelBake1.g9419.t1	 0.0778
nxHelBake1.g5478.t1	 0.0722
nxHelBake1.g7624.t1	 0.0437
nxHelBake1.g7454.t1	 0.0767
nxHelBake1.g9952.t1	 0.1243
nxHelBake1.g18646.t1	 0.1025
nxHelBake1.g19084.t2	 0.0634
nxHelBake1.g12001.t1	 0.0316
nxHelBake1.g11132.t1	 0.0395
nxHelBake1.g13572.t1	 0.0570
nxHelBake1.g1923.t1	 0.0555
nxHelBake1.g15161.t1	 0.0632
nxHelBake1.g17945.t1	 0.0684
nxHelBake1.g10812.t1	 0.0446
nxHelBake1.g7792.t4	 0.0598
nxHelBake1.g9801.t1	 0.1652
nxHelBake1.g1541.t4	 0.0418
nxHelBake1.g11615.t1	 0.0334
nxHelBake1.g13568.t1	 0.0808
nxHelBake1.g5749.t1	 0.0540
nxHelBake1.g4333.t1	 0.0544
nxHelBake1.g13071.t1	 0.1027
nxHelBake1.g10478.t2	 0.1015
nxHelBake1.g770.t1	 0.0700
nxHelBake1.g12829.t1	 0.0833
nxHelBake1.g9572.t2	 0.1022
nxHelBake1.g14851.t2	 0.0000
nxHelBake1.g10875.t1	 0.1116
nxHelBake1.g3723.t1	 0.0721
nxHelBake1.g5779.t5	 0.0611
nxHelBake1.g5507.t1	 0.0488
nxHelBake1.g12464.t1	 0.0762
nxHelBake1.g11252.t1	 0.0141
nxHelBake1.g8515.t1	 0.0631
nxHelBake1.g3263.t2	 0.1022
nxHelBake1.g18813.t1	 0.1062
nxHelBake1.g18615.t1	 0.0847
nxHelBake1.g5070.t1	 0.0251
nxHelBake1.g8555.t1	 0.0664
nxHelBake1.g13015.t1	 0.1403
nxHelBake1.g11232.t4	 0.0751
nxHelBake1.g2712.t1	 0.0581
nxHelBake1.g15310.t1	 0.0893
nxHelBake1.g12248.t1	 0.0761
nxHelBake1.g15352.t2	 0.0788
nxHelBake1.g16590.t1	 0.0472
nxHelBake1.g16152.t1	 0.0581
nxHelBake1.g12993.t1	 0.1589
nxHelBake1.g3958.t5	 0.1922
nxHelBake1.g18716.t1	 0.0975
nxHelBake1.g11510.t2	 0.0183
nxHelBake1.g10692.t1	 0.0915
nxHelBake1.g9898.t1	 0.0363
nxHelBake1.g559.t5	 0.0820
nxHelBake1.g1689.t1	 0.0285
nxHelBake1.g8890.t1	 0.0406
nxHelBake1.g6344.t1	 0.1011
nxHelBake1.g3874.t3	 0.0889
nxHelBake1.g15051.t2	 0.0000
nxHelBake1.g16789.t1	 0.0309
nxHelBake1.g8235.t1	 0.0542
nxHelBake1.g1904.t1	 0.0383
nxHelBake1.g12777.t1	 0.1353
nxHelBake1.g10379.t1	 0.0752
nxHelBake1.g16106.t1	 0.0939
nxHelBake1.g11398.t1	 0.0120
nxHelBake1.g1121.t1	 0.0330
nxHelBake1.g2141.t1	 0.0067
nxHelBake1.g1743.t1	 0.0213
nxHelBake1.g15756.t1	 0.1348
nxHelBake1.g18119.t1	 0.0667
nxHelBake1.g11830.t1	 0.0110
nxHelBake1.g3524.t2	 0.1202
nxHelBake1.g14072.t1	 0.0311
nxHelBake1.g3884.t1	 0.0804
nxHelBake1.g2781.t2	 0.0965
nxHelBake1.g9397.t2	 0.0716
nxHelBake1.g7401.t1	 0.0580
nxHelBake1.g17524.t1	 0.0164
nxHelBake1.g8689.t1	 0.0586
nxHelBake1.g2111.t1	 0.0601
nxHelBake1.g5050.t1	 0.0000
nxHelBake1.g4628.t2	 0.0459
nxHelBake1.g4702.t1	 0.0118
nxHelBake1.g15386.t1	 0.0570
nxHelBake1.g2924.t1	 0.0760
nxHelBake1.g17270.t1	 0.0185
nxHelBake1.g8049.t1	 0.0554
nxHelBake1.g12154.t1	 0.0937
nxHelBake1.g14922.t1	 0.0697
nxHelBake1.g629.t1	 0.0887
nxHelBake1.g16997.t2	 0.0199
nxHelBake1.g3701.t2	 0.1181
nxHelBake1.g12219.t1	 0.1818
nxHelBake1.g13816.t2	 0.0695
nxHelBake1.g5526.t1	 0.0394
nxHelBake1.g4889.t1	 0.0184
nxHelBake1.g11468.t1	 0.0873
nxHelBake1.g18299.t1	 0.0917
nxHelBake1.g9415.t1	 0.0894
nxHelBake1.g7750.t1	 0.0688
nxHelBake1.g15727.t1	 0.1117
nxHelBake1.g12026.t1	 0.0276
nxHelBake1.g4428.t1	 0.0612
nxHelBake1.g2731.t1	 0.0588
nxHelBake1.g11318.t1	 0.0566
nxHelBake1.g11391.t1	 0.0175
nxHelBake1.g17977.t1	 0.0438
nxHelBake1.g11501.t4	 0.0407
nxHelBake1.g3143.t3	 0.0892
nxHelBake1.g32.t1	 0.0578
nxHelBake1.g2144.t11	 0.1177
nxHelBake1.g17488.t1	 0.0045
nxHelBake1.g16798.t1	 0.0332
nxHelBake1.g1456.t2	 0.0076
nxHelBake1.g4562.t1	 0.0546
nxHelBake1.g10737.t1	 0.0478
nxHelBake1.g13683.t1	 0.0801
nxHelBake1.g7785.t1	 0.0254
nxHelBake1.g16350.t1	 0.0213
nxHelBake1.g10316.t1	 0.0880
nxHelBake1.g8927.t1	 0.0641
nxHelBake1.g3131.t1	 0.1002
nxHelBake1.g16917.t1	 0.0246
nxHelBake1.g6041.t1	 0.0854
nxHelBake1.g18667.t1	 0.0847
nxHelBake1.g17410.t1	 0.0358
nxHelBake1.g18696.t1	 0.0701
nxHelBake1.g7878.t1	 0.0432
nxHelBake1.g14863.t1	 0.0652
nxHelBake1.g16618.t1	 0.0434
nxHelBake1.g12085.t1	 0.0480
nxHelBake1.g4308.t1	 0.0394
nxHelBake1.g15863.t1	 0.1333
nxHelBake1.g6251.t1	 0.0850
nxHelBake1.g13872.t1	 0.0856
nxHelBake1.g16613.t2	 0.0613
nxHelBake1.g4755.t3	 0.0284
nxHelBake1.g10447.t1	 0.1282
nxHelBake1.g17936.t3	 0.0253
nxHelBake1.g11084.t1	 0.1011
nxHelBake1.g9676.t1	 0.1348
nxHelBake1.g8726.t1	 0.0407
nxHelBake1.g123.t1	 0.1117
nxHelBake1.g3920.t1	 0.1515
nxHelBake1.g14591.t1	 0.0759
nxHelBake1.g13008.t1	 0.1337
nxHelBake1.g13484.t1	 0.0633
nxHelBake1.g15818.t1	 0.0666
nxHelBake1.g6914.t1	 0.1062
nxHelBake1.g16295.t1	 0.0968
nxHelBake1.g6401.t1	 0.0989
nxHelBake1.g649.t3	 0.0777
nxHelBake1.g11330.t1	 0.0217
nxHelBake1.g813.t4	 0.0260
nxHelBake1.g15871.t1	 0.1093
nxHelBake1.g16386.t1	 0.1708
nxHelBake1.g17546.t1	 0.0365
nxHelBake1.g17768.t1	 0.0078
nxHelBake1.g44.t1	 0.0894
nxHelBake1.g17479.t1	 0.0066
nxHelBake1.g2280.t1	 0.0617
nxHelBake1.g17034.t1	 0.0484
nxHelBake1.g3814.t1	 0.0415
nxHelBake1.g15001.t1	 0.0138
nxHelBake1.g2975.t2	 0.0778
nxHelBake1.g5240.t1	 0.0602
nxHelBake1.g35.t1	 0.1165
nxHelBake1.g10181.t4	 0.1079
nxHelBake1.g9938.t1	 0.0607
nxHelBake1.g13815.t1	 0.0257
nxHelBake1.g17525.t1	 0.0320
nxHelBake1.g10154.t1	 0.1152
nxHelBake1.g8130.t3	 0.0242
